0 0.453125 0.771429 0.043750 0.066667
1 0.500000 0.747619 0.050000 0.028571
1 0.481250 0.538095 0.100000 0.028571
1 1.000000 0.323810 0.050000 0.028571
1 0.306250 0.157143 0.100000 0.028571
0 0.465625 0.019048 0.006250 0.038095
4 0.025000 0.019048 0.050000 0.038095
4 0.075000 0.019048 0.050000 0.038095
4 0.125000 0.019048 0.050000 0.038095
4 0.175000 0.019048 0.050000 0.038095
4 0.225000 0.019048 0.050000 0.038095
4 0.275000 0.019048 0.050000 0.038095
4 0.325000 0.019048 0.050000 0.038095
4 0.375000 0.019048 0.050000 0.038095
4 0.425000 0.019048 0.050000 0.038095
4 0.475000 0.019048 0.050000 0.038095
4 0.525000 0.019048 0.050000 0.038095
4 0.575000 0.019048 0.050000 0.038095
4 0.625000 0.019048 0.050000 0.038095
4 0.675000 0.019048 0.050000 0.038095
4 0.725000 0.019048 0.050000 0.038095
4 0.775000 0.019048 0.050000 0.038095
4 0.825000 0.019048 0.050000 0.038095
4 0.875000 0.019048 0.050000 0.038095
4 0.925000 0.019048 0.050000 0.038095
4 0.975000 0.019048 0.050000 0.038095
4 1.000000 0.019048 0.050000 0.038095
4 1.000000 0.019048 0.050000 0.038095
4 1.000000 0.019048 0.050000 0.038095
4 1.000000 0.019048 0.050000 0.038095
4 1.000000 0.019048 0.050000 0.038095
4 1.000000 0.019048 0.050000 0.038095
4 1.000000 0.019048 0.050000 0.038095
4 1.000000 0.019048 0.050000 0.038095
4 1.000000 0.019048 0.050000 0.038095
4 1.000000 0.019048 0.050000 0.038095
4 1.000000 0.019048 0.050000 0.038095
4 1.000000 0.019048 0.050000 0.038095
4 1.000000 0.019048 0.050000 0.038095
4 1.000000 0.019048 0.050000 0.038095
4 1.000000 0.019048 0.050000 0.038095
4 1.000000 0.019048 0.050000 0.038095
4 1.000000 0.019048 0.050000 0.038095
4 1.000000 0.019048 0.050000 0.038095
4 1.000000 0.019048 0.050000 0.038095
4 1.000000 0.019048 0.050000 0.038095
4 1.000000 0.019048 0.050000 0.038095
4 1.000000 0.019048 0.050000 0.038095
4 1.000000 0.019048 0.050000 0.038095
4 1.000000 0.019048 0.050000 0.038095
4 1.000000 0.019048 0.050000 0.038095
4 1.000000 0.019048 0.050000 0.038095
4 1.000000 0.019048 0.050000 0.038095
4 1.000000 0.019048 0.050000 0.038095
4 1.000000 0.019048 0.050000 0.038095
4 1.000000 0.019048 0.050000 0.038095
4 1.000000 0.019048 0.050000 0.038095
4 1.000000 0.019048 0.050000 0.038095
4 1.000000 0.019048 0.050000 0.038095
4 1.000000 0.019048 0.050000 0.038095
4 1.000000 0.019048 0.050000 0.038095
4 1.000000 0.019048 0.050000 0.038095
4 1.000000 0.019048 0.050000 0.038095
4 1.000000 0.019048 0.050000 0.038095
4 1.000000 0.019048 0.050000 0.038095
4 1.000000 0.019048 0.050000 0.038095
4 1.000000 0.019048 0.050000 0.038095
4 1.000000 0.019048 0.050000 0.038095
4 1.000000 0.019048 0.050000 0.038095
4 1.000000 0.019048 0.050000 0.038095
4 1.000000 0.019048 0.050000 0.038095
4 1.000000 0.019048 0.050000 0.038095
4 1.000000 0.019048 0.050000 0.038095
4 1.000000 0.019048 0.050000 0.038095
4 1.000000 0.019048 0.050000 0.038095
4 1.000000 0.019048 0.050000 0.038095
4 1.000000 0.019048 0.050000 0.038095
4 1.000000 0.019048 0.050000 0.038095
4 1.000000 0.019048 0.050000 0.038095
4 1.000000 0.019048 0.050000 0.038095
4 1.000000 0.019048 0.050000 0.038095
4 1.000000 0.019048 0.050000 0.038095
4 1.000000 0.019048 0.050000 0.038095
4 1.000000 0.019048 0.050000 0.038095
4 1.000000 0.019048 0.050000 0.038095
4 1.000000 0.019048 0.050000 0.038095
4 1.000000 0.019048 0.050000 0.038095
4 1.000000 0.019048 0.050000 0.038095
4 1.000000 0.019048 0.050000 0.038095
4 1.000000 0.019048 0.050000 0.038095
4 1.000000 0.019048 0.050000 0.038095
4 1.000000 0.019048 0.050000 0.038095
4 1.000000 0.019048 0.050000 0.038095
4 1.000000 0.019048 0.050000 0.038095
4 1.000000 0.019048 0.050000 0.038095
4 1.000000 0.019048 0.050000 0.038095
4 1.000000 0.019048 0.050000 0.038095
4 1.000000 0.019048 0.050000 0.038095
4 1.000000 0.019048 0.050000 0.038095
4 1.000000 0.019048 0.050000 0.038095
4 1.000000 0.019048 0.050000 0.038095
4 1.000000 0.019048 0.050000 0.038095
4 1.000000 0.019048 0.050000 0.038095
4 1.000000 0.019048 0.050000 0.038095
4 1.000000 0.019048 0.050000 0.038095
4 1.000000 0.019048 0.050000 0.038095
4 1.000000 0.019048 0.050000 0.038095
4 1.000000 0.019048 0.050000 0.038095
4 1.000000 0.019048 0.050000 0.038095
4 1.000000 0.019048 0.050000 0.038095
4 1.000000 0.019048 0.050000 0.038095
4 1.000000 0.019048 0.050000 0.038095
4 1.000000 0.019048 0.050000 0.038095
4 1.000000 0.019048 0.050000 0.038095
4 1.000000 0.019048 0.050000 0.038095
4 1.000000 0.019048 0.050000 0.038095
4 1.000000 0.019048 0.050000 0.038095
4 1.000000 0.019048 0.050000 0.038095
4 1.000000 0.019048 0.050000 0.038095
4 1.000000 0.019048 0.050000 0.038095
4 1.000000 0.019048 0.050000 0.038095
4 1.000000 0.019048 0.050000 0.038095
4 1.000000 0.019048 0.050000 0.038095
4 1.000000 0.019048 0.050000 0.038095
4 1.000000 0.019048 0.050000 0.038095
4 1.000000 0.019048 0.050000 0.038095
4 1.000000 0.019048 0.050000 0.038095
4 1.000000 0.019048 0.050000 0.038095
4 1.000000 0.019048 0.050000 0.038095
4 1.000000 0.019048 0.050000 0.038095
4 1.000000 0.019048 0.050000 0.038095
4 1.000000 0.019048 0.050000 0.038095
4 1.000000 0.019048 0.050000 0.038095
4 1.000000 0.019048 0.050000 0.038095
4 1.000000 0.019048 0.050000 0.038095
4 1.000000 0.019048 0.050000 0.038095
4 1.000000 0.019048 0.050000 0.038095
4 1.000000 0.019048 0.050000 0.038095
4 1.000000 0.019048 0.050000 0.038095
4 1.000000 0.019048 0.050000 0.038095
4 1.000000 0.019048 0.050000 0.038095
4 1.000000 0.019048 0.050000 0.038095
4 1.000000 0.019048 0.050000 0.038095
4 1.000000 0.019048 0.050000 0.038095
4 1.000000 0.019048 0.050000 0.038095
4 1.000000 0.019048 0.050000 0.038095
4 1.000000 0.019048 0.050000 0.038095
4 1.000000 0.019048 0.050000 0.038095
4 1.000000 0.019048 0.050000 0.038095
4 1.000000 0.019048 0.050000 0.038095
4 1.000000 0.019048 0.050000 0.038095
4 1.000000 0.019048 0.050000 0.038095
4 1.000000 0.019048 0.050000 0.038095
4 1.000000 0.019048 0.050000 0.038095
4 1.000000 0.019048 0.050000 0.038095
4 1.000000 0.019048 0.050000 0.038095
4 1.000000 0.019048 0.050000 0.038095
4 1.000000 0.019048 0.050000 0.038095
4 1.000000 0.019048 0.050000 0.038095
4 1.000000 0.019048 0.050000 0.038095
4 1.000000 0.019048 0.050000 0.038095
4 1.000000 0.019048 0.050000 0.038095
4 1.000000 0.019048 0.050000 0.038095
4 1.000000 0.019048 0.050000 0.038095
4 1.000000 0.019048 0.050000 0.038095
4 1.000000 0.019048 0.050000 0.038095
4 1.000000 0.019048 0.050000 0.038095
4 1.000000 0.019048 0.050000 0.038095
4 1.000000 0.019048 0.050000 0.038095
4 1.000000 0.019048 0.050000 0.038095
4 1.000000 0.019048 0.050000 0.038095
4 1.000000 0.019048 0.050000 0.038095
4 1.000000 0.019048 0.050000 0.038095
4 1.000000 0.019048 0.050000 0.038095
4 1.000000 0.019048 0.050000 0.038095
4 1.000000 0.019048 0.050000 0.038095
4 1.000000 0.019048 0.050000 0.038095
4 1.000000 0.019048 0.050000 0.038095
4 1.000000 0.019048 0.050000 0.038095
4 1.000000 0.019048 0.050000 0.038095
4 1.000000 0.019048 0.050000 0.038095
4 1.000000 0.019048 0.050000 0.038095
4 1.000000 0.019048 0.050000 0.038095
4 1.000000 0.019048 0.050000 0.038095
4 1.000000 0.019048 0.050000 0.038095
4 1.000000 0.019048 0.050000 0.038095
4 1.000000 0.019048 0.050000 0.038095
4 1.000000 0.019048 0.050000 0.038095
4 1.000000 0.019048 0.050000 0.038095
4 1.000000 0.019048 0.050000 0.038095
4 1.000000 0.019048 0.050000 0.038095
4 1.000000 0.019048 0.050000 0.038095
4 1.000000 0.019048 0.050000 0.038095
4 1.000000 0.019048 0.050000 0.038095
4 1.000000 0.019048 0.050000 0.038095
4 1.000000 0.019048 0.050000 0.038095
4 1.000000 0.019048 0.050000 0.038095
4 1.000000 0.019048 0.050000 0.038095
4 1.000000 0.019048 0.050000 0.038095
4 1.000000 0.019048 0.050000 0.038095
4 1.000000 0.019048 0.050000 0.038095
4 1.000000 0.019048 0.050000 0.038095
4 1.000000 0.019048 0.050000 0.038095
4 1.000000 0.019048 0.050000 0.038095
4 1.000000 0.019048 0.050000 0.038095
4 1.000000 0.019048 0.050000 0.038095
4 1.000000 0.019048 0.050000 0.038095
4 1.000000 0.019048 0.050000 0.038095
4 1.000000 0.019048 0.050000 0.038095
4 1.000000 0.019048 0.050000 0.038095
4 1.000000 0.019048 0.050000 0.038095
4 1.000000 0.019048 0.050000 0.038095
4 1.000000 0.019048 0.050000 0.038095
4 1.000000 0.019048 0.050000 0.038095
4 1.000000 0.019048 0.050000 0.038095
4 1.000000 0.019048 0.050000 0.038095
4 0.025000 0.057143 0.050000 0.038095
4 0.075000 0.057143 0.050000 0.038095
4 0.125000 0.057143 0.050000 0.038095
4 0.175000 0.057143 0.050000 0.038095
4 0.225000 0.057143 0.050000 0.038095
4 0.275000 0.057143 0.050000 0.038095
4 0.325000 0.057143 0.050000 0.038095
4 0.375000 0.057143 0.050000 0.038095
4 0.425000 0.057143 0.050000 0.038095
4 0.475000 0.057143 0.050000 0.038095
4 0.525000 0.057143 0.050000 0.038095
4 0.575000 0.057143 0.050000 0.038095
4 0.625000 0.057143 0.050000 0.038095
4 0.675000 0.057143 0.050000 0.038095
4 0.725000 0.057143 0.050000 0.038095
4 0.775000 0.057143 0.050000 0.038095
4 0.825000 0.057143 0.050000 0.038095
4 0.875000 0.057143 0.050000 0.038095
4 0.925000 0.057143 0.050000 0.038095
4 0.975000 0.057143 0.050000 0.038095
4 1.000000 0.057143 0.050000 0.038095
4 1.000000 0.057143 0.050000 0.038095
4 1.000000 0.057143 0.050000 0.038095
4 1.000000 0.057143 0.050000 0.038095
4 1.000000 0.057143 0.050000 0.038095
4 1.000000 0.057143 0.050000 0.038095
4 1.000000 0.057143 0.050000 0.038095
4 1.000000 0.057143 0.050000 0.038095
4 1.000000 0.057143 0.050000 0.038095
4 1.000000 0.057143 0.050000 0.038095
4 1.000000 0.057143 0.050000 0.038095
4 1.000000 0.057143 0.050000 0.038095
4 1.000000 0.057143 0.050000 0.038095
4 1.000000 0.057143 0.050000 0.038095
4 1.000000 0.057143 0.050000 0.038095
4 1.000000 0.057143 0.050000 0.038095
4 1.000000 0.057143 0.050000 0.038095
4 1.000000 0.057143 0.050000 0.038095
4 1.000000 0.057143 0.050000 0.038095
4 1.000000 0.057143 0.050000 0.038095
4 1.000000 0.057143 0.050000 0.038095
4 1.000000 0.057143 0.050000 0.038095
4 1.000000 0.057143 0.050000 0.038095
4 1.000000 0.057143 0.050000 0.038095
4 1.000000 0.057143 0.050000 0.038095
4 1.000000 0.057143 0.050000 0.038095
4 1.000000 0.057143 0.050000 0.038095
4 1.000000 0.057143 0.050000 0.038095
4 1.000000 0.057143 0.050000 0.038095
4 1.000000 0.057143 0.050000 0.038095
4 1.000000 0.057143 0.050000 0.038095
4 1.000000 0.057143 0.050000 0.038095
4 1.000000 0.057143 0.050000 0.038095
4 1.000000 0.057143 0.050000 0.038095
4 1.000000 0.057143 0.050000 0.038095
4 1.000000 0.057143 0.050000 0.038095
4 1.000000 0.057143 0.050000 0.038095
4 1.000000 0.057143 0.050000 0.038095
4 1.000000 0.057143 0.050000 0.038095
4 1.000000 0.057143 0.050000 0.038095
4 1.000000 0.057143 0.050000 0.038095
4 1.000000 0.057143 0.050000 0.038095
4 1.000000 0.057143 0.050000 0.038095
4 1.000000 0.057143 0.050000 0.038095
4 1.000000 0.057143 0.050000 0.038095
4 1.000000 0.057143 0.050000 0.038095
4 1.000000 0.057143 0.050000 0.038095
4 1.000000 0.057143 0.050000 0.038095
4 1.000000 0.057143 0.050000 0.038095
4 1.000000 0.057143 0.050000 0.038095
4 1.000000 0.057143 0.050000 0.038095
4 1.000000 0.057143 0.050000 0.038095
4 1.000000 0.057143 0.050000 0.038095
4 1.000000 0.057143 0.050000 0.038095
4 1.000000 0.057143 0.050000 0.038095
4 1.000000 0.057143 0.050000 0.038095
4 1.000000 0.057143 0.050000 0.038095
4 1.000000 0.057143 0.050000 0.038095
4 1.000000 0.057143 0.050000 0.038095
4 1.000000 0.057143 0.050000 0.038095
4 1.000000 0.057143 0.050000 0.038095
4 1.000000 0.057143 0.050000 0.038095
4 1.000000 0.057143 0.050000 0.038095
4 1.000000 0.057143 0.050000 0.038095
4 1.000000 0.057143 0.050000 0.038095
4 1.000000 0.057143 0.050000 0.038095
4 1.000000 0.057143 0.050000 0.038095
4 1.000000 0.057143 0.050000 0.038095
4 1.000000 0.057143 0.050000 0.038095
4 1.000000 0.057143 0.050000 0.038095
4 1.000000 0.057143 0.050000 0.038095
4 1.000000 0.057143 0.050000 0.038095
4 1.000000 0.057143 0.050000 0.038095
4 1.000000 0.057143 0.050000 0.038095
4 1.000000 0.057143 0.050000 0.038095
4 1.000000 0.057143 0.050000 0.038095
4 1.000000 0.057143 0.050000 0.038095
4 1.000000 0.057143 0.050000 0.038095
4 1.000000 0.057143 0.050000 0.038095
4 1.000000 0.057143 0.050000 0.038095
4 1.000000 0.057143 0.050000 0.038095
4 1.000000 0.057143 0.050000 0.038095
4 1.000000 0.057143 0.050000 0.038095
4 1.000000 0.057143 0.050000 0.038095
4 1.000000 0.057143 0.050000 0.038095
4 1.000000 0.057143 0.050000 0.038095
4 1.000000 0.057143 0.050000 0.038095
4 1.000000 0.057143 0.050000 0.038095
4 1.000000 0.057143 0.050000 0.038095
4 1.000000 0.057143 0.050000 0.038095
4 1.000000 0.057143 0.050000 0.038095
4 1.000000 0.057143 0.050000 0.038095
4 1.000000 0.057143 0.050000 0.038095
4 1.000000 0.057143 0.050000 0.038095
4 1.000000 0.057143 0.050000 0.038095
4 1.000000 0.057143 0.050000 0.038095
4 1.000000 0.057143 0.050000 0.038095
4 1.000000 0.057143 0.050000 0.038095
4 1.000000 0.057143 0.050000 0.038095
4 1.000000 0.057143 0.050000 0.038095
4 1.000000 0.057143 0.050000 0.038095
4 1.000000 0.057143 0.050000 0.038095
4 1.000000 0.057143 0.050000 0.038095
4 1.000000 0.057143 0.050000 0.038095
4 1.000000 0.057143 0.050000 0.038095
4 1.000000 0.057143 0.050000 0.038095
4 1.000000 0.057143 0.050000 0.038095
4 1.000000 0.057143 0.050000 0.038095
4 1.000000 0.057143 0.050000 0.038095
4 1.000000 0.057143 0.050000 0.038095
4 1.000000 0.057143 0.050000 0.038095
4 1.000000 0.057143 0.050000 0.038095
4 1.000000 0.057143 0.050000 0.038095
4 1.000000 0.057143 0.050000 0.038095
4 1.000000 0.057143 0.050000 0.038095
4 1.000000 0.057143 0.050000 0.038095
4 1.000000 0.057143 0.050000 0.038095
4 1.000000 0.057143 0.050000 0.038095
4 1.000000 0.057143 0.050000 0.038095
4 1.000000 0.057143 0.050000 0.038095
4 1.000000 0.057143 0.050000 0.038095
4 1.000000 0.057143 0.050000 0.038095
4 1.000000 0.057143 0.050000 0.038095
4 1.000000 0.057143 0.050000 0.038095
4 1.000000 0.057143 0.050000 0.038095
4 1.000000 0.057143 0.050000 0.038095
4 1.000000 0.057143 0.050000 0.038095
4 1.000000 0.057143 0.050000 0.038095
4 1.000000 0.057143 0.050000 0.038095
4 1.000000 0.057143 0.050000 0.038095
4 1.000000 0.057143 0.050000 0.038095
4 1.000000 0.057143 0.050000 0.038095
4 1.000000 0.057143 0.050000 0.038095
4 1.000000 0.057143 0.050000 0.038095
4 1.000000 0.057143 0.050000 0.038095
4 1.000000 0.057143 0.050000 0.038095
4 1.000000 0.057143 0.050000 0.038095
4 1.000000 0.057143 0.050000 0.038095
4 1.000000 0.057143 0.050000 0.038095
4 1.000000 0.057143 0.050000 0.038095
4 1.000000 0.057143 0.050000 0.038095
4 1.000000 0.057143 0.050000 0.038095
4 1.000000 0.057143 0.050000 0.038095
4 1.000000 0.057143 0.050000 0.038095
4 1.000000 0.057143 0.050000 0.038095
4 1.000000 0.057143 0.050000 0.038095
4 1.000000 0.057143 0.050000 0.038095
4 1.000000 0.057143 0.050000 0.038095
4 1.000000 0.057143 0.050000 0.038095
4 1.000000 0.057143 0.050000 0.038095
4 1.000000 0.057143 0.050000 0.038095
4 1.000000 0.057143 0.050000 0.038095
4 1.000000 0.057143 0.050000 0.038095
4 1.000000 0.057143 0.050000 0.038095
4 1.000000 0.057143 0.050000 0.038095
4 1.000000 0.057143 0.050000 0.038095
4 1.000000 0.057143 0.050000 0.038095
4 1.000000 0.057143 0.050000 0.038095
4 1.000000 0.057143 0.050000 0.038095
4 1.000000 0.057143 0.050000 0.038095
4 1.000000 0.057143 0.050000 0.038095
4 1.000000 0.057143 0.050000 0.038095
4 1.000000 0.057143 0.050000 0.038095
4 1.000000 0.057143 0.050000 0.038095
4 1.000000 0.057143 0.050000 0.038095
4 1.000000 0.057143 0.050000 0.038095
4 1.000000 0.057143 0.050000 0.038095
4 1.000000 0.057143 0.050000 0.038095
4 1.000000 0.057143 0.050000 0.038095
4 1.000000 0.057143 0.050000 0.038095
4 1.000000 0.057143 0.050000 0.038095
4 1.000000 0.057143 0.050000 0.038095
4 1.000000 0.057143 0.050000 0.038095
4 1.000000 0.057143 0.050000 0.038095
4 1.000000 0.057143 0.050000 0.038095
4 1.000000 0.057143 0.050000 0.038095
4 1.000000 0.057143 0.050000 0.038095
4 1.000000 0.057143 0.050000 0.038095
4 1.000000 0.057143 0.050000 0.038095
4 1.000000 0.057143 0.050000 0.038095
4 1.000000 0.057143 0.050000 0.038095
4 1.000000 0.057143 0.050000 0.038095
4 1.000000 0.057143 0.050000 0.038095
4 1.000000 0.057143 0.050000 0.038095
4 1.000000 0.057143 0.050000 0.038095
4 1.000000 0.057143 0.050000 0.038095
4 1.000000 0.057143 0.050000 0.038095
4 1.000000 0.057143 0.050000 0.038095
4 1.000000 0.057143 0.050000 0.038095
4 1.000000 0.057143 0.050000 0.038095
4 0.025000 0.095238 0.050000 0.038095
4 0.075000 0.095238 0.050000 0.038095
4 0.125000 0.095238 0.050000 0.038095
4 0.175000 0.095238 0.050000 0.038095
4 0.225000 0.095238 0.050000 0.038095
4 0.275000 0.095238 0.050000 0.038095
4 0.325000 0.095238 0.050000 0.038095
4 0.375000 0.095238 0.050000 0.038095
4 0.425000 0.095238 0.050000 0.038095
4 0.475000 0.095238 0.050000 0.038095
4 0.525000 0.095238 0.050000 0.038095
4 0.575000 0.095238 0.050000 0.038095
4 0.625000 0.095238 0.050000 0.038095
4 0.675000 0.095238 0.050000 0.038095
4 0.725000 0.095238 0.050000 0.038095
4 0.775000 0.095238 0.050000 0.038095
4 0.825000 0.095238 0.050000 0.038095
4 0.875000 0.095238 0.050000 0.038095
4 0.925000 0.095238 0.050000 0.038095
4 0.975000 0.095238 0.050000 0.038095
4 1.000000 0.095238 0.050000 0.038095
4 1.000000 0.095238 0.050000 0.038095
4 1.000000 0.095238 0.050000 0.038095
4 1.000000 0.095238 0.050000 0.038095
4 1.000000 0.095238 0.050000 0.038095
4 1.000000 0.095238 0.050000 0.038095
4 1.000000 0.095238 0.050000 0.038095
4 1.000000 0.095238 0.050000 0.038095
4 1.000000 0.095238 0.050000 0.038095
4 1.000000 0.095238 0.050000 0.038095
4 1.000000 0.095238 0.050000 0.038095
4 1.000000 0.095238 0.050000 0.038095
4 1.000000 0.095238 0.050000 0.038095
4 1.000000 0.095238 0.050000 0.038095
4 1.000000 0.095238 0.050000 0.038095
4 1.000000 0.095238 0.050000 0.038095
4 1.000000 0.095238 0.050000 0.038095
4 1.000000 0.095238 0.050000 0.038095
4 1.000000 0.095238 0.050000 0.038095
4 1.000000 0.095238 0.050000 0.038095
4 1.000000 0.095238 0.050000 0.038095
4 1.000000 0.095238 0.050000 0.038095
4 1.000000 0.095238 0.050000 0.038095
4 1.000000 0.095238 0.050000 0.038095
4 1.000000 0.095238 0.050000 0.038095
4 1.000000 0.095238 0.050000 0.038095
4 1.000000 0.095238 0.050000 0.038095
4 1.000000 0.095238 0.050000 0.038095
4 1.000000 0.095238 0.050000 0.038095
4 1.000000 0.095238 0.050000 0.038095
4 1.000000 0.095238 0.050000 0.038095
4 1.000000 0.095238 0.050000 0.038095
4 1.000000 0.095238 0.050000 0.038095
4 1.000000 0.095238 0.050000 0.038095
4 1.000000 0.095238 0.050000 0.038095
4 1.000000 0.095238 0.050000 0.038095
4 1.000000 0.095238 0.050000 0.038095
4 1.000000 0.095238 0.050000 0.038095
4 1.000000 0.095238 0.050000 0.038095
4 1.000000 0.095238 0.050000 0.038095
4 1.000000 0.095238 0.050000 0.038095
4 1.000000 0.095238 0.050000 0.038095
4 1.000000 0.095238 0.050000 0.038095
4 1.000000 0.095238 0.050000 0.038095
4 1.000000 0.095238 0.050000 0.038095
4 1.000000 0.095238 0.050000 0.038095
4 1.000000 0.095238 0.050000 0.038095
4 1.000000 0.095238 0.050000 0.038095
4 1.000000 0.095238 0.050000 0.038095
4 1.000000 0.095238 0.050000 0.038095
4 1.000000 0.095238 0.050000 0.038095
4 1.000000 0.095238 0.050000 0.038095
4 1.000000 0.095238 0.050000 0.038095
4 1.000000 0.095238 0.050000 0.038095
4 1.000000 0.095238 0.050000 0.038095
4 1.000000 0.095238 0.050000 0.038095
4 1.000000 0.095238 0.050000 0.038095
4 1.000000 0.095238 0.050000 0.038095
4 1.000000 0.095238 0.050000 0.038095
4 1.000000 0.095238 0.050000 0.038095
4 1.000000 0.095238 0.050000 0.038095
4 1.000000 0.095238 0.050000 0.038095
4 1.000000 0.095238 0.050000 0.038095
4 1.000000 0.095238 0.050000 0.038095
4 1.000000 0.095238 0.050000 0.038095
4 1.000000 0.095238 0.050000 0.038095
4 1.000000 0.095238 0.050000 0.038095
4 1.000000 0.095238 0.050000 0.038095
4 1.000000 0.095238 0.050000 0.038095
4 1.000000 0.095238 0.050000 0.038095
4 1.000000 0.095238 0.050000 0.038095
4 1.000000 0.095238 0.050000 0.038095
4 1.000000 0.095238 0.050000 0.038095
4 1.000000 0.095238 0.050000 0.038095
4 1.000000 0.095238 0.050000 0.038095
4 1.000000 0.095238 0.050000 0.038095
4 1.000000 0.095238 0.050000 0.038095
4 1.000000 0.095238 0.050000 0.038095
4 1.000000 0.095238 0.050000 0.038095
4 1.000000 0.095238 0.050000 0.038095
4 1.000000 0.095238 0.050000 0.038095
4 1.000000 0.095238 0.050000 0.038095
4 1.000000 0.095238 0.050000 0.038095
4 1.000000 0.095238 0.050000 0.038095
4 1.000000 0.095238 0.050000 0.038095
4 1.000000 0.095238 0.050000 0.038095
4 1.000000 0.095238 0.050000 0.038095
4 1.000000 0.095238 0.050000 0.038095
4 1.000000 0.095238 0.050000 0.038095
4 1.000000 0.095238 0.050000 0.038095
4 1.000000 0.095238 0.050000 0.038095
4 1.000000 0.095238 0.050000 0.038095
4 1.000000 0.095238 0.050000 0.038095
4 1.000000 0.095238 0.050000 0.038095
4 1.000000 0.095238 0.050000 0.038095
4 1.000000 0.095238 0.050000 0.038095
4 1.000000 0.095238 0.050000 0.038095
4 1.000000 0.095238 0.050000 0.038095
4 1.000000 0.095238 0.050000 0.038095
4 1.000000 0.095238 0.050000 0.038095
4 1.000000 0.095238 0.050000 0.038095
4 1.000000 0.095238 0.050000 0.038095
4 1.000000 0.095238 0.050000 0.038095
4 1.000000 0.095238 0.050000 0.038095
4 1.000000 0.095238 0.050000 0.038095
4 1.000000 0.095238 0.050000 0.038095
4 1.000000 0.095238 0.050000 0.038095
4 1.000000 0.095238 0.050000 0.038095
4 1.000000 0.095238 0.050000 0.038095
4 1.000000 0.095238 0.050000 0.038095
4 1.000000 0.095238 0.050000 0.038095
4 1.000000 0.095238 0.050000 0.038095
4 1.000000 0.095238 0.050000 0.038095
4 1.000000 0.095238 0.050000 0.038095
4 1.000000 0.095238 0.050000 0.038095
4 1.000000 0.095238 0.050000 0.038095
4 1.000000 0.095238 0.050000 0.038095
4 1.000000 0.095238 0.050000 0.038095
4 1.000000 0.095238 0.050000 0.038095
4 1.000000 0.095238 0.050000 0.038095
4 1.000000 0.095238 0.050000 0.038095
4 1.000000 0.095238 0.050000 0.038095
4 1.000000 0.095238 0.050000 0.038095
4 1.000000 0.095238 0.050000 0.038095
4 1.000000 0.095238 0.050000 0.038095
4 1.000000 0.095238 0.050000 0.038095
4 1.000000 0.095238 0.050000 0.038095
4 1.000000 0.095238 0.050000 0.038095
4 1.000000 0.095238 0.050000 0.038095
4 1.000000 0.095238 0.050000 0.038095
4 1.000000 0.095238 0.050000 0.038095
4 1.000000 0.095238 0.050000 0.038095
4 1.000000 0.095238 0.050000 0.038095
4 1.000000 0.095238 0.050000 0.038095
4 1.000000 0.095238 0.050000 0.038095
4 1.000000 0.095238 0.050000 0.038095
4 1.000000 0.095238 0.050000 0.038095
4 1.000000 0.095238 0.050000 0.038095
4 1.000000 0.095238 0.050000 0.038095
4 1.000000 0.095238 0.050000 0.038095
4 1.000000 0.095238 0.050000 0.038095
4 1.000000 0.095238 0.050000 0.038095
4 1.000000 0.095238 0.050000 0.038095
4 1.000000 0.095238 0.050000 0.038095
4 1.000000 0.095238 0.050000 0.038095
4 1.000000 0.095238 0.050000 0.038095
4 1.000000 0.095238 0.050000 0.038095
4 1.000000 0.095238 0.050000 0.038095
4 1.000000 0.095238 0.050000 0.038095
4 1.000000 0.095238 0.050000 0.038095
4 1.000000 0.095238 0.050000 0.038095
4 1.000000 0.095238 0.050000 0.038095
4 1.000000 0.095238 0.050000 0.038095
4 1.000000 0.095238 0.050000 0.038095
4 1.000000 0.095238 0.050000 0.038095
4 1.000000 0.095238 0.050000 0.038095
4 1.000000 0.095238 0.050000 0.038095
4 1.000000 0.095238 0.050000 0.038095
4 1.000000 0.095238 0.050000 0.038095
4 1.000000 0.095238 0.050000 0.038095
4 1.000000 0.095238 0.050000 0.038095
4 1.000000 0.095238 0.050000 0.038095
4 1.000000 0.095238 0.050000 0.038095
4 1.000000 0.095238 0.050000 0.038095
4 1.000000 0.095238 0.050000 0.038095
4 1.000000 0.095238 0.050000 0.038095
4 1.000000 0.095238 0.050000 0.038095
4 1.000000 0.095238 0.050000 0.038095
4 1.000000 0.095238 0.050000 0.038095
4 1.000000 0.095238 0.050000 0.038095
4 1.000000 0.095238 0.050000 0.038095
4 1.000000 0.095238 0.050000 0.038095
4 1.000000 0.095238 0.050000 0.038095
4 1.000000 0.095238 0.050000 0.038095
4 1.000000 0.095238 0.050000 0.038095
4 1.000000 0.095238 0.050000 0.038095
4 1.000000 0.095238 0.050000 0.038095
4 1.000000 0.095238 0.050000 0.038095
4 1.000000 0.095238 0.050000 0.038095
4 1.000000 0.095238 0.050000 0.038095
4 1.000000 0.095238 0.050000 0.038095
4 1.000000 0.095238 0.050000 0.038095
4 1.000000 0.095238 0.050000 0.038095
4 1.000000 0.095238 0.050000 0.038095
4 1.000000 0.095238 0.050000 0.038095
4 1.000000 0.095238 0.050000 0.038095
4 1.000000 0.095238 0.050000 0.038095
4 1.000000 0.095238 0.050000 0.038095
4 1.000000 0.095238 0.050000 0.038095
4 1.000000 0.095238 0.050000 0.038095
4 0.025000 0.133333 0.050000 0.038095
4 0.075000 0.133333 0.050000 0.038095
4 0.125000 0.133333 0.050000 0.038095
4 0.175000 0.133333 0.050000 0.038095
4 0.225000 0.133333 0.050000 0.038095
4 0.275000 0.133333 0.050000 0.038095
4 0.325000 0.133333 0.050000 0.038095
4 0.375000 0.133333 0.050000 0.038095
4 0.425000 0.133333 0.050000 0.038095
4 0.475000 0.133333 0.050000 0.038095
4 0.525000 0.133333 0.050000 0.038095
4 0.575000 0.133333 0.050000 0.038095
4 0.625000 0.133333 0.050000 0.038095
4 0.675000 0.133333 0.050000 0.038095
4 0.725000 0.133333 0.050000 0.038095
4 0.775000 0.133333 0.050000 0.038095
4 0.825000 0.133333 0.050000 0.038095
4 0.875000 0.133333 0.050000 0.038095
4 0.925000 0.133333 0.050000 0.038095
4 0.975000 0.133333 0.050000 0.038095
4 1.000000 0.133333 0.050000 0.038095
4 1.000000 0.133333 0.050000 0.038095
4 1.000000 0.133333 0.050000 0.038095
4 1.000000 0.133333 0.050000 0.038095
4 1.000000 0.133333 0.050000 0.038095
4 1.000000 0.133333 0.050000 0.038095
4 1.000000 0.133333 0.050000 0.038095
4 1.000000 0.133333 0.050000 0.038095
4 1.000000 0.133333 0.050000 0.038095
4 1.000000 0.133333 0.050000 0.038095
4 1.000000 0.133333 0.050000 0.038095
4 1.000000 0.133333 0.050000 0.038095
4 1.000000 0.133333 0.050000 0.038095
4 1.000000 0.133333 0.050000 0.038095
4 1.000000 0.133333 0.050000 0.038095
4 1.000000 0.133333 0.050000 0.038095
4 1.000000 0.133333 0.050000 0.038095
4 1.000000 0.133333 0.050000 0.038095
4 1.000000 0.133333 0.050000 0.038095
4 1.000000 0.133333 0.050000 0.038095
4 1.000000 0.133333 0.050000 0.038095
4 1.000000 0.133333 0.050000 0.038095
4 1.000000 0.133333 0.050000 0.038095
4 1.000000 0.133333 0.050000 0.038095
4 1.000000 0.133333 0.050000 0.038095
4 1.000000 0.133333 0.050000 0.038095
4 1.000000 0.133333 0.050000 0.038095
4 1.000000 0.133333 0.050000 0.038095
4 1.000000 0.133333 0.050000 0.038095
4 1.000000 0.133333 0.050000 0.038095
4 1.000000 0.133333 0.050000 0.038095
4 1.000000 0.133333 0.050000 0.038095
4 1.000000 0.133333 0.050000 0.038095
4 1.000000 0.133333 0.050000 0.038095
4 1.000000 0.133333 0.050000 0.038095
4 1.000000 0.133333 0.050000 0.038095
4 1.000000 0.133333 0.050000 0.038095
4 1.000000 0.133333 0.050000 0.038095
4 1.000000 0.133333 0.050000 0.038095
4 1.000000 0.133333 0.050000 0.038095
4 1.000000 0.133333 0.050000 0.038095
4 1.000000 0.133333 0.050000 0.038095
4 1.000000 0.133333 0.050000 0.038095
4 1.000000 0.133333 0.050000 0.038095
4 1.000000 0.133333 0.050000 0.038095
4 1.000000 0.133333 0.050000 0.038095
4 1.000000 0.133333 0.050000 0.038095
4 1.000000 0.133333 0.050000 0.038095
4 1.000000 0.133333 0.050000 0.038095
4 1.000000 0.133333 0.050000 0.038095
4 1.000000 0.133333 0.050000 0.038095
4 1.000000 0.133333 0.050000 0.038095
4 1.000000 0.133333 0.050000 0.038095
4 1.000000 0.133333 0.050000 0.038095
4 1.000000 0.133333 0.050000 0.038095
4 1.000000 0.133333 0.050000 0.038095
4 1.000000 0.133333 0.050000 0.038095
4 1.000000 0.133333 0.050000 0.038095
4 1.000000 0.133333 0.050000 0.038095
4 1.000000 0.133333 0.050000 0.038095
4 1.000000 0.133333 0.050000 0.038095
4 1.000000 0.133333 0.050000 0.038095
4 1.000000 0.133333 0.050000 0.038095
4 1.000000 0.133333 0.050000 0.038095
4 1.000000 0.133333 0.050000 0.038095
4 1.000000 0.133333 0.050000 0.038095
4 1.000000 0.133333 0.050000 0.038095
4 1.000000 0.133333 0.050000 0.038095
4 1.000000 0.133333 0.050000 0.038095
4 1.000000 0.133333 0.050000 0.038095
4 1.000000 0.133333 0.050000 0.038095
4 1.000000 0.133333 0.050000 0.038095
4 1.000000 0.133333 0.050000 0.038095
4 1.000000 0.133333 0.050000 0.038095
4 1.000000 0.133333 0.050000 0.038095
4 1.000000 0.133333 0.050000 0.038095
4 1.000000 0.133333 0.050000 0.038095
4 1.000000 0.133333 0.050000 0.038095
4 1.000000 0.133333 0.050000 0.038095
4 1.000000 0.133333 0.050000 0.038095
4 1.000000 0.133333 0.050000 0.038095
4 1.000000 0.133333 0.050000 0.038095
4 1.000000 0.133333 0.050000 0.038095
4 1.000000 0.133333 0.050000 0.038095
4 1.000000 0.133333 0.050000 0.038095
4 1.000000 0.133333 0.050000 0.038095
4 1.000000 0.133333 0.050000 0.038095
4 1.000000 0.133333 0.050000 0.038095
4 1.000000 0.133333 0.050000 0.038095
4 1.000000 0.133333 0.050000 0.038095
4 1.000000 0.133333 0.050000 0.038095
4 1.000000 0.133333 0.050000 0.038095
4 1.000000 0.133333 0.050000 0.038095
4 1.000000 0.133333 0.050000 0.038095
4 1.000000 0.133333 0.050000 0.038095
4 1.000000 0.133333 0.050000 0.038095
4 1.000000 0.133333 0.050000 0.038095
4 1.000000 0.133333 0.050000 0.038095
4 1.000000 0.133333 0.050000 0.038095
4 1.000000 0.133333 0.050000 0.038095
4 1.000000 0.133333 0.050000 0.038095
4 1.000000 0.133333 0.050000 0.038095
4 1.000000 0.133333 0.050000 0.038095
4 1.000000 0.133333 0.050000 0.038095
4 1.000000 0.133333 0.050000 0.038095
4 1.000000 0.133333 0.050000 0.038095
4 1.000000 0.133333 0.050000 0.038095
4 1.000000 0.133333 0.050000 0.038095
4 1.000000 0.133333 0.050000 0.038095
4 1.000000 0.133333 0.050000 0.038095
4 1.000000 0.133333 0.050000 0.038095
4 1.000000 0.133333 0.050000 0.038095
4 1.000000 0.133333 0.050000 0.038095
4 1.000000 0.133333 0.050000 0.038095
4 1.000000 0.133333 0.050000 0.038095
4 1.000000 0.133333 0.050000 0.038095
4 1.000000 0.133333 0.050000 0.038095
4 1.000000 0.133333 0.050000 0.038095
4 1.000000 0.133333 0.050000 0.038095
4 1.000000 0.133333 0.050000 0.038095
4 1.000000 0.133333 0.050000 0.038095
4 1.000000 0.133333 0.050000 0.038095
4 1.000000 0.133333 0.050000 0.038095
4 1.000000 0.133333 0.050000 0.038095
4 1.000000 0.133333 0.050000 0.038095
4 1.000000 0.133333 0.050000 0.038095
4 1.000000 0.133333 0.050000 0.038095
4 1.000000 0.133333 0.050000 0.038095
4 1.000000 0.133333 0.050000 0.038095
4 1.000000 0.133333 0.050000 0.038095
4 1.000000 0.133333 0.050000 0.038095
4 1.000000 0.133333 0.050000 0.038095
4 1.000000 0.133333 0.050000 0.038095
4 1.000000 0.133333 0.050000 0.038095
4 1.000000 0.133333 0.050000 0.038095
4 1.000000 0.133333 0.050000 0.038095
4 1.000000 0.133333 0.050000 0.038095
4 1.000000 0.133333 0.050000 0.038095
4 1.000000 0.133333 0.050000 0.038095
4 1.000000 0.133333 0.050000 0.038095
4 1.000000 0.133333 0.050000 0.038095
4 1.000000 0.133333 0.050000 0.038095
4 1.000000 0.133333 0.050000 0.038095
4 1.000000 0.133333 0.050000 0.038095
4 1.000000 0.133333 0.050000 0.038095
4 1.000000 0.133333 0.050000 0.038095
4 1.000000 0.133333 0.050000 0.038095
4 1.000000 0.133333 0.050000 0.038095
4 1.000000 0.133333 0.050000 0.038095
4 1.000000 0.133333 0.050000 0.038095
4 1.000000 0.133333 0.050000 0.038095
4 1.000000 0.133333 0.050000 0.038095
4 1.000000 0.133333 0.050000 0.038095
4 1.000000 0.133333 0.050000 0.038095
4 1.000000 0.133333 0.050000 0.038095
4 1.000000 0.133333 0.050000 0.038095
4 1.000000 0.133333 0.050000 0.038095
4 1.000000 0.133333 0.050000 0.038095
4 1.000000 0.133333 0.050000 0.038095
4 1.000000 0.133333 0.050000 0.038095
4 1.000000 0.133333 0.050000 0.038095
4 1.000000 0.133333 0.050000 0.038095
4 1.000000 0.133333 0.050000 0.038095
4 1.000000 0.133333 0.050000 0.038095
4 1.000000 0.133333 0.050000 0.038095
4 1.000000 0.133333 0.050000 0.038095
4 1.000000 0.133333 0.050000 0.038095
4 1.000000 0.133333 0.050000 0.038095
4 1.000000 0.133333 0.050000 0.038095
4 1.000000 0.133333 0.050000 0.038095
4 1.000000 0.133333 0.050000 0.038095
4 1.000000 0.133333 0.050000 0.038095
4 1.000000 0.133333 0.050000 0.038095
4 1.000000 0.133333 0.050000 0.038095
4 1.000000 0.133333 0.050000 0.038095
4 1.000000 0.133333 0.050000 0.038095
4 1.000000 0.133333 0.050000 0.038095
4 1.000000 0.133333 0.050000 0.038095
4 1.000000 0.133333 0.050000 0.038095
4 1.000000 0.133333 0.050000 0.038095
4 1.000000 0.133333 0.050000 0.038095
4 1.000000 0.133333 0.050000 0.038095
4 1.000000 0.133333 0.050000 0.038095
4 1.000000 0.133333 0.050000 0.038095
4 1.000000 0.133333 0.050000 0.038095
4 1.000000 0.133333 0.050000 0.038095
4 1.000000 0.133333 0.050000 0.038095
4 1.000000 0.133333 0.050000 0.038095
4 1.000000 0.133333 0.050000 0.038095
4 1.000000 0.133333 0.050000 0.038095
4 0.025000 0.019048 0.050000 0.038095
4 0.075000 0.019048 0.050000 0.038095
4 0.125000 0.019048 0.050000 0.038095
4 0.175000 0.019048 0.050000 0.038095
4 0.225000 0.019048 0.050000 0.038095
4 0.275000 0.019048 0.050000 0.038095
4 0.325000 0.019048 0.050000 0.038095
4 0.375000 0.019048 0.050000 0.038095
4 0.425000 0.019048 0.050000 0.038095
4 0.475000 0.019048 0.050000 0.038095
4 0.525000 0.019048 0.050000 0.038095
4 0.575000 0.019048 0.050000 0.038095
4 0.625000 0.019048 0.050000 0.038095
4 0.675000 0.019048 0.050000 0.038095
4 0.725000 0.019048 0.050000 0.038095
4 0.775000 0.019048 0.050000 0.038095
4 0.825000 0.019048 0.050000 0.038095
4 0.875000 0.019048 0.050000 0.038095
4 0.925000 0.019048 0.050000 0.038095
4 0.975000 0.019048 0.050000 0.038095
4 1.000000 0.019048 0.050000 0.038095
4 1.000000 0.019048 0.050000 0.038095
4 1.000000 0.019048 0.050000 0.038095
4 1.000000 0.019048 0.050000 0.038095
4 1.000000 0.019048 0.050000 0.038095
4 1.000000 0.019048 0.050000 0.038095
4 1.000000 0.019048 0.050000 0.038095
4 1.000000 0.019048 0.050000 0.038095
4 1.000000 0.019048 0.050000 0.038095
4 1.000000 0.019048 0.050000 0.038095
4 1.000000 0.019048 0.050000 0.038095
4 1.000000 0.019048 0.050000 0.038095
4 1.000000 0.019048 0.050000 0.038095
4 1.000000 0.019048 0.050000 0.038095
4 1.000000 0.019048 0.050000 0.038095
4 1.000000 0.019048 0.050000 0.038095
4 1.000000 0.019048 0.050000 0.038095
4 1.000000 0.019048 0.050000 0.038095
4 1.000000 0.019048 0.050000 0.038095
4 1.000000 0.019048 0.050000 0.038095
4 1.000000 0.019048 0.050000 0.038095
4 1.000000 0.019048 0.050000 0.038095
4 1.000000 0.019048 0.050000 0.038095
4 1.000000 0.019048 0.050000 0.038095
4 1.000000 0.019048 0.050000 0.038095
4 1.000000 0.019048 0.050000 0.038095
4 1.000000 0.019048 0.050000 0.038095
4 1.000000 0.019048 0.050000 0.038095
4 1.000000 0.019048 0.050000 0.038095
4 1.000000 0.019048 0.050000 0.038095
4 1.000000 0.019048 0.050000 0.038095
4 1.000000 0.019048 0.050000 0.038095
4 1.000000 0.019048 0.050000 0.038095
4 1.000000 0.019048 0.050000 0.038095
4 1.000000 0.019048 0.050000 0.038095
4 1.000000 0.019048 0.050000 0.038095
4 1.000000 0.019048 0.050000 0.038095
4 1.000000 0.019048 0.050000 0.038095
4 1.000000 0.019048 0.050000 0.038095
4 1.000000 0.019048 0.050000 0.038095
4 1.000000 0.019048 0.050000 0.038095
4 1.000000 0.019048 0.050000 0.038095
4 1.000000 0.019048 0.050000 0.038095
4 1.000000 0.019048 0.050000 0.038095
4 1.000000 0.019048 0.050000 0.038095
4 1.000000 0.019048 0.050000 0.038095
4 1.000000 0.019048 0.050000 0.038095
4 1.000000 0.019048 0.050000 0.038095
4 1.000000 0.019048 0.050000 0.038095
4 1.000000 0.019048 0.050000 0.038095
4 1.000000 0.019048 0.050000 0.038095
4 1.000000 0.019048 0.050000 0.038095
4 1.000000 0.019048 0.050000 0.038095
4 1.000000 0.019048 0.050000 0.038095
4 1.000000 0.019048 0.050000 0.038095
4 1.000000 0.019048 0.050000 0.038095
4 1.000000 0.019048 0.050000 0.038095
4 1.000000 0.019048 0.050000 0.038095
4 1.000000 0.019048 0.050000 0.038095
4 1.000000 0.019048 0.050000 0.038095
4 1.000000 0.019048 0.050000 0.038095
4 1.000000 0.019048 0.050000 0.038095
4 1.000000 0.019048 0.050000 0.038095
4 1.000000 0.019048 0.050000 0.038095
4 1.000000 0.019048 0.050000 0.038095
4 1.000000 0.019048 0.050000 0.038095
4 1.000000 0.019048 0.050000 0.038095
4 1.000000 0.019048 0.050000 0.038095
4 1.000000 0.019048 0.050000 0.038095
4 1.000000 0.019048 0.050000 0.038095
4 1.000000 0.019048 0.050000 0.038095
4 1.000000 0.019048 0.050000 0.038095
4 1.000000 0.019048 0.050000 0.038095
4 1.000000 0.019048 0.050000 0.038095
4 1.000000 0.019048 0.050000 0.038095
4 1.000000 0.019048 0.050000 0.038095
4 1.000000 0.019048 0.050000 0.038095
4 1.000000 0.019048 0.050000 0.038095
4 1.000000 0.019048 0.050000 0.038095
4 1.000000 0.019048 0.050000 0.038095
4 1.000000 0.019048 0.050000 0.038095
4 1.000000 0.019048 0.050000 0.038095
4 1.000000 0.019048 0.050000 0.038095
4 1.000000 0.019048 0.050000 0.038095
4 1.000000 0.019048 0.050000 0.038095
4 1.000000 0.019048 0.050000 0.038095
4 1.000000 0.019048 0.050000 0.038095
4 1.000000 0.019048 0.050000 0.038095
4 1.000000 0.019048 0.050000 0.038095
4 1.000000 0.019048 0.050000 0.038095
4 1.000000 0.019048 0.050000 0.038095
4 1.000000 0.019048 0.050000 0.038095
4 1.000000 0.019048 0.050000 0.038095
4 1.000000 0.019048 0.050000 0.038095
4 1.000000 0.019048 0.050000 0.038095
4 1.000000 0.019048 0.050000 0.038095
4 1.000000 0.019048 0.050000 0.038095
4 1.000000 0.019048 0.050000 0.038095
4 1.000000 0.019048 0.050000 0.038095
4 1.000000 0.019048 0.050000 0.038095
4 1.000000 0.019048 0.050000 0.038095
4 1.000000 0.019048 0.050000 0.038095
4 1.000000 0.019048 0.050000 0.038095
4 1.000000 0.019048 0.050000 0.038095
4 1.000000 0.019048 0.050000 0.038095
4 1.000000 0.019048 0.050000 0.038095
4 1.000000 0.019048 0.050000 0.038095
4 1.000000 0.019048 0.050000 0.038095
4 1.000000 0.019048 0.050000 0.038095
4 1.000000 0.019048 0.050000 0.038095
4 1.000000 0.019048 0.050000 0.038095
4 1.000000 0.019048 0.050000 0.038095
4 1.000000 0.019048 0.050000 0.038095
4 1.000000 0.019048 0.050000 0.038095
4 1.000000 0.019048 0.050000 0.038095
4 1.000000 0.019048 0.050000 0.038095
4 1.000000 0.019048 0.050000 0.038095
4 1.000000 0.019048 0.050000 0.038095
4 1.000000 0.019048 0.050000 0.038095
4 1.000000 0.019048 0.050000 0.038095
4 1.000000 0.019048 0.050000 0.038095
4 1.000000 0.019048 0.050000 0.038095
4 1.000000 0.019048 0.050000 0.038095
4 1.000000 0.019048 0.050000 0.038095
4 1.000000 0.019048 0.050000 0.038095
4 1.000000 0.019048 0.050000 0.038095
4 1.000000 0.019048 0.050000 0.038095
4 1.000000 0.019048 0.050000 0.038095
4 1.000000 0.019048 0.050000 0.038095
4 1.000000 0.019048 0.050000 0.038095
4 1.000000 0.019048 0.050000 0.038095
4 1.000000 0.019048 0.050000 0.038095
4 1.000000 0.019048 0.050000 0.038095
4 1.000000 0.019048 0.050000 0.038095
4 1.000000 0.019048 0.050000 0.038095
4 1.000000 0.019048 0.050000 0.038095
4 1.000000 0.019048 0.050000 0.038095
4 1.000000 0.019048 0.050000 0.038095
4 1.000000 0.019048 0.050000 0.038095
4 1.000000 0.019048 0.050000 0.038095
4 1.000000 0.019048 0.050000 0.038095
4 1.000000 0.019048 0.050000 0.038095
4 1.000000 0.019048 0.050000 0.038095
4 1.000000 0.019048 0.050000 0.038095
4 1.000000 0.019048 0.050000 0.038095
4 1.000000 0.019048 0.050000 0.038095
4 1.000000 0.019048 0.050000 0.038095
4 1.000000 0.019048 0.050000 0.038095
4 1.000000 0.019048 0.050000 0.038095
4 1.000000 0.019048 0.050000 0.038095
4 1.000000 0.019048 0.050000 0.038095
4 1.000000 0.019048 0.050000 0.038095
4 1.000000 0.019048 0.050000 0.038095
4 1.000000 0.019048 0.050000 0.038095
4 1.000000 0.019048 0.050000 0.038095
4 1.000000 0.019048 0.050000 0.038095
4 1.000000 0.019048 0.050000 0.038095
4 1.000000 0.019048 0.050000 0.038095
4 1.000000 0.019048 0.050000 0.038095
4 1.000000 0.019048 0.050000 0.038095
4 1.000000 0.019048 0.050000 0.038095
4 1.000000 0.019048 0.050000 0.038095
4 1.000000 0.019048 0.050000 0.038095
4 1.000000 0.019048 0.050000 0.038095
4 1.000000 0.019048 0.050000 0.038095
4 1.000000 0.019048 0.050000 0.038095
4 1.000000 0.019048 0.050000 0.038095
4 1.000000 0.019048 0.050000 0.038095
4 1.000000 0.019048 0.050000 0.038095
4 1.000000 0.019048 0.050000 0.038095
4 1.000000 0.019048 0.050000 0.038095
4 1.000000 0.019048 0.050000 0.038095
4 1.000000 0.019048 0.050000 0.038095
4 1.000000 0.019048 0.050000 0.038095
4 1.000000 0.019048 0.050000 0.038095
4 1.000000 0.019048 0.050000 0.038095
4 1.000000 0.019048 0.050000 0.038095
4 1.000000 0.019048 0.050000 0.038095
4 1.000000 0.019048 0.050000 0.038095
4 1.000000 0.019048 0.050000 0.038095
4 1.000000 0.019048 0.050000 0.038095
4 1.000000 0.019048 0.050000 0.038095
4 1.000000 0.019048 0.050000 0.038095
4 1.000000 0.019048 0.050000 0.038095
4 1.000000 0.019048 0.050000 0.038095
4 1.000000 0.019048 0.050000 0.038095
4 1.000000 0.019048 0.050000 0.038095
4 1.000000 0.019048 0.050000 0.038095
4 1.000000 0.019048 0.050000 0.038095
4 1.000000 0.019048 0.050000 0.038095
4 0.025000 0.057143 0.050000 0.038095
4 0.075000 0.057143 0.050000 0.038095
4 0.125000 0.057143 0.050000 0.038095
4 0.175000 0.057143 0.050000 0.038095
4 0.225000 0.057143 0.050000 0.038095
4 0.275000 0.057143 0.050000 0.038095
4 0.325000 0.057143 0.050000 0.038095
4 0.375000 0.057143 0.050000 0.038095
4 0.425000 0.057143 0.050000 0.038095
4 0.475000 0.057143 0.050000 0.038095
4 0.525000 0.057143 0.050000 0.038095
4 0.575000 0.057143 0.050000 0.038095
4 0.625000 0.057143 0.050000 0.038095
4 0.675000 0.057143 0.050000 0.038095
4 0.725000 0.057143 0.050000 0.038095
4 0.775000 0.057143 0.050000 0.038095
4 0.825000 0.057143 0.050000 0.038095
4 0.875000 0.057143 0.050000 0.038095
4 0.925000 0.057143 0.050000 0.038095
4 0.975000 0.057143 0.050000 0.038095
4 1.000000 0.057143 0.050000 0.038095
4 1.000000 0.057143 0.050000 0.038095
4 1.000000 0.057143 0.050000 0.038095
4 1.000000 0.057143 0.050000 0.038095
4 1.000000 0.057143 0.050000 0.038095
4 1.000000 0.057143 0.050000 0.038095
4 1.000000 0.057143 0.050000 0.038095
4 1.000000 0.057143 0.050000 0.038095
4 1.000000 0.057143 0.050000 0.038095
4 1.000000 0.057143 0.050000 0.038095
4 1.000000 0.057143 0.050000 0.038095
4 1.000000 0.057143 0.050000 0.038095
4 1.000000 0.057143 0.050000 0.038095
4 1.000000 0.057143 0.050000 0.038095
4 1.000000 0.057143 0.050000 0.038095
4 1.000000 0.057143 0.050000 0.038095
4 1.000000 0.057143 0.050000 0.038095
4 1.000000 0.057143 0.050000 0.038095
4 1.000000 0.057143 0.050000 0.038095
4 1.000000 0.057143 0.050000 0.038095
4 1.000000 0.057143 0.050000 0.038095
4 1.000000 0.057143 0.050000 0.038095
4 1.000000 0.057143 0.050000 0.038095
4 1.000000 0.057143 0.050000 0.038095
4 1.000000 0.057143 0.050000 0.038095
4 1.000000 0.057143 0.050000 0.038095
4 1.000000 0.057143 0.050000 0.038095
4 1.000000 0.057143 0.050000 0.038095
4 1.000000 0.057143 0.050000 0.038095
4 1.000000 0.057143 0.050000 0.038095
4 1.000000 0.057143 0.050000 0.038095
4 1.000000 0.057143 0.050000 0.038095
4 1.000000 0.057143 0.050000 0.038095
4 1.000000 0.057143 0.050000 0.038095
4 1.000000 0.057143 0.050000 0.038095
4 1.000000 0.057143 0.050000 0.038095
4 1.000000 0.057143 0.050000 0.038095
4 1.000000 0.057143 0.050000 0.038095
4 1.000000 0.057143 0.050000 0.038095
4 1.000000 0.057143 0.050000 0.038095
4 1.000000 0.057143 0.050000 0.038095
4 1.000000 0.057143 0.050000 0.038095
4 1.000000 0.057143 0.050000 0.038095
4 1.000000 0.057143 0.050000 0.038095
4 1.000000 0.057143 0.050000 0.038095
4 1.000000 0.057143 0.050000 0.038095
4 1.000000 0.057143 0.050000 0.038095
4 1.000000 0.057143 0.050000 0.038095
4 1.000000 0.057143 0.050000 0.038095
4 1.000000 0.057143 0.050000 0.038095
4 1.000000 0.057143 0.050000 0.038095
4 1.000000 0.057143 0.050000 0.038095
4 1.000000 0.057143 0.050000 0.038095
4 1.000000 0.057143 0.050000 0.038095
4 1.000000 0.057143 0.050000 0.038095
4 1.000000 0.057143 0.050000 0.038095
4 1.000000 0.057143 0.050000 0.038095
4 1.000000 0.057143 0.050000 0.038095
4 1.000000 0.057143 0.050000 0.038095
4 1.000000 0.057143 0.050000 0.038095
4 1.000000 0.057143 0.050000 0.038095
4 1.000000 0.057143 0.050000 0.038095
4 1.000000 0.057143 0.050000 0.038095
4 1.000000 0.057143 0.050000 0.038095
4 1.000000 0.057143 0.050000 0.038095
4 1.000000 0.057143 0.050000 0.038095
4 1.000000 0.057143 0.050000 0.038095
4 1.000000 0.057143 0.050000 0.038095
4 1.000000 0.057143 0.050000 0.038095
4 1.000000 0.057143 0.050000 0.038095
4 1.000000 0.057143 0.050000 0.038095
4 1.000000 0.057143 0.050000 0.038095
4 1.000000 0.057143 0.050000 0.038095
4 1.000000 0.057143 0.050000 0.038095
4 1.000000 0.057143 0.050000 0.038095
4 1.000000 0.057143 0.050000 0.038095
4 1.000000 0.057143 0.050000 0.038095
4 1.000000 0.057143 0.050000 0.038095
4 1.000000 0.057143 0.050000 0.038095
4 1.000000 0.057143 0.050000 0.038095
4 1.000000 0.057143 0.050000 0.038095
4 1.000000 0.057143 0.050000 0.038095
4 1.000000 0.057143 0.050000 0.038095
4 1.000000 0.057143 0.050000 0.038095
4 1.000000 0.057143 0.050000 0.038095
4 1.000000 0.057143 0.050000 0.038095
4 1.000000 0.057143 0.050000 0.038095
4 1.000000 0.057143 0.050000 0.038095
4 1.000000 0.057143 0.050000 0.038095
4 1.000000 0.057143 0.050000 0.038095
4 1.000000 0.057143 0.050000 0.038095
4 1.000000 0.057143 0.050000 0.038095
4 1.000000 0.057143 0.050000 0.038095
4 1.000000 0.057143 0.050000 0.038095
4 1.000000 0.057143 0.050000 0.038095
4 1.000000 0.057143 0.050000 0.038095
4 1.000000 0.057143 0.050000 0.038095
4 1.000000 0.057143 0.050000 0.038095
4 1.000000 0.057143 0.050000 0.038095
4 1.000000 0.057143 0.050000 0.038095
4 1.000000 0.057143 0.050000 0.038095
4 1.000000 0.057143 0.050000 0.038095
4 1.000000 0.057143 0.050000 0.038095
4 1.000000 0.057143 0.050000 0.038095
4 1.000000 0.057143 0.050000 0.038095
4 1.000000 0.057143 0.050000 0.038095
4 1.000000 0.057143 0.050000 0.038095
4 1.000000 0.057143 0.050000 0.038095
4 1.000000 0.057143 0.050000 0.038095
4 1.000000 0.057143 0.050000 0.038095
4 1.000000 0.057143 0.050000 0.038095
4 1.000000 0.057143 0.050000 0.038095
4 1.000000 0.057143 0.050000 0.038095
4 1.000000 0.057143 0.050000 0.038095
4 1.000000 0.057143 0.050000 0.038095
4 1.000000 0.057143 0.050000 0.038095
4 1.000000 0.057143 0.050000 0.038095
4 1.000000 0.057143 0.050000 0.038095
4 1.000000 0.057143 0.050000 0.038095
4 1.000000 0.057143 0.050000 0.038095
4 1.000000 0.057143 0.050000 0.038095
4 1.000000 0.057143 0.050000 0.038095
4 1.000000 0.057143 0.050000 0.038095
4 1.000000 0.057143 0.050000 0.038095
4 1.000000 0.057143 0.050000 0.038095
4 1.000000 0.057143 0.050000 0.038095
4 1.000000 0.057143 0.050000 0.038095
4 1.000000 0.057143 0.050000 0.038095
4 1.000000 0.057143 0.050000 0.038095
4 1.000000 0.057143 0.050000 0.038095
4 1.000000 0.057143 0.050000 0.038095
4 1.000000 0.057143 0.050000 0.038095
4 1.000000 0.057143 0.050000 0.038095
4 1.000000 0.057143 0.050000 0.038095
4 1.000000 0.057143 0.050000 0.038095
4 1.000000 0.057143 0.050000 0.038095
4 1.000000 0.057143 0.050000 0.038095
4 1.000000 0.057143 0.050000 0.038095
4 1.000000 0.057143 0.050000 0.038095
4 1.000000 0.057143 0.050000 0.038095
4 1.000000 0.057143 0.050000 0.038095
4 1.000000 0.057143 0.050000 0.038095
4 1.000000 0.057143 0.050000 0.038095
4 1.000000 0.057143 0.050000 0.038095
4 1.000000 0.057143 0.050000 0.038095
4 1.000000 0.057143 0.050000 0.038095
4 1.000000 0.057143 0.050000 0.038095
4 1.000000 0.057143 0.050000 0.038095
4 1.000000 0.057143 0.050000 0.038095
4 1.000000 0.057143 0.050000 0.038095
4 1.000000 0.057143 0.050000 0.038095
4 1.000000 0.057143 0.050000 0.038095
4 1.000000 0.057143 0.050000 0.038095
4 1.000000 0.057143 0.050000 0.038095
4 1.000000 0.057143 0.050000 0.038095
4 1.000000 0.057143 0.050000 0.038095
4 1.000000 0.057143 0.050000 0.038095
4 1.000000 0.057143 0.050000 0.038095
4 1.000000 0.057143 0.050000 0.038095
4 1.000000 0.057143 0.050000 0.038095
4 1.000000 0.057143 0.050000 0.038095
4 1.000000 0.057143 0.050000 0.038095
4 1.000000 0.057143 0.050000 0.038095
4 1.000000 0.057143 0.050000 0.038095
4 1.000000 0.057143 0.050000 0.038095
4 1.000000 0.057143 0.050000 0.038095
4 1.000000 0.057143 0.050000 0.038095
4 1.000000 0.057143 0.050000 0.038095
4 1.000000 0.057143 0.050000 0.038095
4 1.000000 0.057143 0.050000 0.038095
4 1.000000 0.057143 0.050000 0.038095
4 1.000000 0.057143 0.050000 0.038095
4 1.000000 0.057143 0.050000 0.038095
4 1.000000 0.057143 0.050000 0.038095
4 1.000000 0.057143 0.050000 0.038095
4 1.000000 0.057143 0.050000 0.038095
4 1.000000 0.057143 0.050000 0.038095
4 1.000000 0.057143 0.050000 0.038095
4 1.000000 0.057143 0.050000 0.038095
4 1.000000 0.057143 0.050000 0.038095
4 1.000000 0.057143 0.050000 0.038095
4 1.000000 0.057143 0.050000 0.038095
4 1.000000 0.057143 0.050000 0.038095
4 1.000000 0.057143 0.050000 0.038095
4 1.000000 0.057143 0.050000 0.038095
4 1.000000 0.057143 0.050000 0.038095
4 1.000000 0.057143 0.050000 0.038095
4 1.000000 0.057143 0.050000 0.038095
4 1.000000 0.057143 0.050000 0.038095
4 1.000000 0.057143 0.050000 0.038095
4 0.025000 0.095238 0.050000 0.038095
4 0.075000 0.095238 0.050000 0.038095
4 0.125000 0.095238 0.050000 0.038095
4 0.175000 0.095238 0.050000 0.038095
4 0.225000 0.095238 0.050000 0.038095
4 0.275000 0.095238 0.050000 0.038095
4 0.325000 0.095238 0.050000 0.038095
4 0.375000 0.095238 0.050000 0.038095
4 0.425000 0.095238 0.050000 0.038095
4 0.475000 0.095238 0.050000 0.038095
4 0.525000 0.095238 0.050000 0.038095
4 0.575000 0.095238 0.050000 0.038095
4 0.625000 0.095238 0.050000 0.038095
4 0.675000 0.095238 0.050000 0.038095
4 0.725000 0.095238 0.050000 0.038095
4 0.775000 0.095238 0.050000 0.038095
4 0.825000 0.095238 0.050000 0.038095
4 0.875000 0.095238 0.050000 0.038095
4 0.925000 0.095238 0.050000 0.038095
4 0.975000 0.095238 0.050000 0.038095
4 1.000000 0.095238 0.050000 0.038095
4 1.000000 0.095238 0.050000 0.038095
4 1.000000 0.095238 0.050000 0.038095
4 1.000000 0.095238 0.050000 0.038095
4 1.000000 0.095238 0.050000 0.038095
4 1.000000 0.095238 0.050000 0.038095
4 1.000000 0.095238 0.050000 0.038095
4 1.000000 0.095238 0.050000 0.038095
4 1.000000 0.095238 0.050000 0.038095
4 1.000000 0.095238 0.050000 0.038095
4 1.000000 0.095238 0.050000 0.038095
4 1.000000 0.095238 0.050000 0.038095
4 1.000000 0.095238 0.050000 0.038095
4 1.000000 0.095238 0.050000 0.038095
4 1.000000 0.095238 0.050000 0.038095
4 1.000000 0.095238 0.050000 0.038095
4 1.000000 0.095238 0.050000 0.038095
4 1.000000 0.095238 0.050000 0.038095
4 1.000000 0.095238 0.050000 0.038095
4 1.000000 0.095238 0.050000 0.038095
4 1.000000 0.095238 0.050000 0.038095
4 1.000000 0.095238 0.050000 0.038095
4 1.000000 0.095238 0.050000 0.038095
4 1.000000 0.095238 0.050000 0.038095
4 1.000000 0.095238 0.050000 0.038095
4 1.000000 0.095238 0.050000 0.038095
4 1.000000 0.095238 0.050000 0.038095
4 1.000000 0.095238 0.050000 0.038095
4 1.000000 0.095238 0.050000 0.038095
4 1.000000 0.095238 0.050000 0.038095
4 1.000000 0.095238 0.050000 0.038095
4 1.000000 0.095238 0.050000 0.038095
4 1.000000 0.095238 0.050000 0.038095
4 1.000000 0.095238 0.050000 0.038095
4 1.000000 0.095238 0.050000 0.038095
4 1.000000 0.095238 0.050000 0.038095
4 1.000000 0.095238 0.050000 0.038095
4 1.000000 0.095238 0.050000 0.038095
4 1.000000 0.095238 0.050000 0.038095
4 1.000000 0.095238 0.050000 0.038095
4 1.000000 0.095238 0.050000 0.038095
4 1.000000 0.095238 0.050000 0.038095
4 1.000000 0.095238 0.050000 0.038095
4 1.000000 0.095238 0.050000 0.038095
4 1.000000 0.095238 0.050000 0.038095
4 1.000000 0.095238 0.050000 0.038095
4 1.000000 0.095238 0.050000 0.038095
4 1.000000 0.095238 0.050000 0.038095
4 1.000000 0.095238 0.050000 0.038095
4 1.000000 0.095238 0.050000 0.038095
4 1.000000 0.095238 0.050000 0.038095
4 1.000000 0.095238 0.050000 0.038095
4 1.000000 0.095238 0.050000 0.038095
4 1.000000 0.095238 0.050000 0.038095
4 1.000000 0.095238 0.050000 0.038095
4 1.000000 0.095238 0.050000 0.038095
4 1.000000 0.095238 0.050000 0.038095
4 1.000000 0.095238 0.050000 0.038095
4 1.000000 0.095238 0.050000 0.038095
4 1.000000 0.095238 0.050000 0.038095
4 1.000000 0.095238 0.050000 0.038095
4 1.000000 0.095238 0.050000 0.038095
4 1.000000 0.095238 0.050000 0.038095
4 1.000000 0.095238 0.050000 0.038095
4 1.000000 0.095238 0.050000 0.038095
4 1.000000 0.095238 0.050000 0.038095
4 1.000000 0.095238 0.050000 0.038095
4 1.000000 0.095238 0.050000 0.038095
4 1.000000 0.095238 0.050000 0.038095
4 1.000000 0.095238 0.050000 0.038095
4 1.000000 0.095238 0.050000 0.038095
4 1.000000 0.095238 0.050000 0.038095
4 1.000000 0.095238 0.050000 0.038095
4 1.000000 0.095238 0.050000 0.038095
4 1.000000 0.095238 0.050000 0.038095
4 1.000000 0.095238 0.050000 0.038095
4 1.000000 0.095238 0.050000 0.038095
4 1.000000 0.095238 0.050000 0.038095
4 1.000000 0.095238 0.050000 0.038095
4 1.000000 0.095238 0.050000 0.038095
4 1.000000 0.095238 0.050000 0.038095
4 1.000000 0.095238 0.050000 0.038095
4 1.000000 0.095238 0.050000 0.038095
4 1.000000 0.095238 0.050000 0.038095
4 1.000000 0.095238 0.050000 0.038095
4 1.000000 0.095238 0.050000 0.038095
4 1.000000 0.095238 0.050000 0.038095
4 1.000000 0.095238 0.050000 0.038095
4 1.000000 0.095238 0.050000 0.038095
4 1.000000 0.095238 0.050000 0.038095
4 1.000000 0.095238 0.050000 0.038095
4 1.000000 0.095238 0.050000 0.038095
4 1.000000 0.095238 0.050000 0.038095
4 1.000000 0.095238 0.050000 0.038095
4 1.000000 0.095238 0.050000 0.038095
4 1.000000 0.095238 0.050000 0.038095
4 1.000000 0.095238 0.050000 0.038095
4 1.000000 0.095238 0.050000 0.038095
4 1.000000 0.095238 0.050000 0.038095
4 1.000000 0.095238 0.050000 0.038095
4 1.000000 0.095238 0.050000 0.038095
4 1.000000 0.095238 0.050000 0.038095
4 1.000000 0.095238 0.050000 0.038095
4 1.000000 0.095238 0.050000 0.038095
4 1.000000 0.095238 0.050000 0.038095
4 1.000000 0.095238 0.050000 0.038095
4 1.000000 0.095238 0.050000 0.038095
4 1.000000 0.095238 0.050000 0.038095
4 1.000000 0.095238 0.050000 0.038095
4 1.000000 0.095238 0.050000 0.038095
4 1.000000 0.095238 0.050000 0.038095
4 1.000000 0.095238 0.050000 0.038095
4 1.000000 0.095238 0.050000 0.038095
4 1.000000 0.095238 0.050000 0.038095
4 1.000000 0.095238 0.050000 0.038095
4 1.000000 0.095238 0.050000 0.038095
4 1.000000 0.095238 0.050000 0.038095
4 1.000000 0.095238 0.050000 0.038095
4 1.000000 0.095238 0.050000 0.038095
4 1.000000 0.095238 0.050000 0.038095
4 1.000000 0.095238 0.050000 0.038095
4 1.000000 0.095238 0.050000 0.038095
4 1.000000 0.095238 0.050000 0.038095
4 1.000000 0.095238 0.050000 0.038095
4 1.000000 0.095238 0.050000 0.038095
4 1.000000 0.095238 0.050000 0.038095
4 1.000000 0.095238 0.050000 0.038095
4 1.000000 0.095238 0.050000 0.038095
4 1.000000 0.095238 0.050000 0.038095
4 1.000000 0.095238 0.050000 0.038095
4 1.000000 0.095238 0.050000 0.038095
4 1.000000 0.095238 0.050000 0.038095
4 1.000000 0.095238 0.050000 0.038095
4 1.000000 0.095238 0.050000 0.038095
4 1.000000 0.095238 0.050000 0.038095
4 1.000000 0.095238 0.050000 0.038095
4 1.000000 0.095238 0.050000 0.038095
4 1.000000 0.095238 0.050000 0.038095
4 1.000000 0.095238 0.050000 0.038095
4 1.000000 0.095238 0.050000 0.038095
4 1.000000 0.095238 0.050000 0.038095
4 1.000000 0.095238 0.050000 0.038095
4 1.000000 0.095238 0.050000 0.038095
4 1.000000 0.095238 0.050000 0.038095
4 1.000000 0.095238 0.050000 0.038095
4 1.000000 0.095238 0.050000 0.038095
4 1.000000 0.095238 0.050000 0.038095
4 1.000000 0.095238 0.050000 0.038095
4 1.000000 0.095238 0.050000 0.038095
4 1.000000 0.095238 0.050000 0.038095
4 1.000000 0.095238 0.050000 0.038095
4 1.000000 0.095238 0.050000 0.038095
4 1.000000 0.095238 0.050000 0.038095
4 1.000000 0.095238 0.050000 0.038095
4 1.000000 0.095238 0.050000 0.038095
4 1.000000 0.095238 0.050000 0.038095
4 1.000000 0.095238 0.050000 0.038095
4 1.000000 0.095238 0.050000 0.038095
4 1.000000 0.095238 0.050000 0.038095
4 1.000000 0.095238 0.050000 0.038095
4 1.000000 0.095238 0.050000 0.038095
4 1.000000 0.095238 0.050000 0.038095
4 1.000000 0.095238 0.050000 0.038095
4 1.000000 0.095238 0.050000 0.038095
4 1.000000 0.095238 0.050000 0.038095
4 1.000000 0.095238 0.050000 0.038095
4 1.000000 0.095238 0.050000 0.038095
4 1.000000 0.095238 0.050000 0.038095
4 1.000000 0.095238 0.050000 0.038095
4 1.000000 0.095238 0.050000 0.038095
4 1.000000 0.095238 0.050000 0.038095
4 1.000000 0.095238 0.050000 0.038095
4 1.000000 0.095238 0.050000 0.038095
4 1.000000 0.095238 0.050000 0.038095
4 1.000000 0.095238 0.050000 0.038095
4 1.000000 0.095238 0.050000 0.038095
4 1.000000 0.095238 0.050000 0.038095
4 1.000000 0.095238 0.050000 0.038095
4 1.000000 0.095238 0.050000 0.038095
4 1.000000 0.095238 0.050000 0.038095
4 1.000000 0.095238 0.050000 0.038095
4 1.000000 0.095238 0.050000 0.038095
4 1.000000 0.095238 0.050000 0.038095
4 1.000000 0.095238 0.050000 0.038095
4 1.000000 0.095238 0.050000 0.038095
4 1.000000 0.095238 0.050000 0.038095
4 1.000000 0.095238 0.050000 0.038095
4 1.000000 0.095238 0.050000 0.038095
4 1.000000 0.095238 0.050000 0.038095
4 1.000000 0.095238 0.050000 0.038095
4 0.025000 0.133333 0.050000 0.038095
4 0.075000 0.133333 0.050000 0.038095
4 0.125000 0.133333 0.050000 0.038095
4 0.175000 0.133333 0.050000 0.038095
4 0.225000 0.133333 0.050000 0.038095
4 0.275000 0.133333 0.050000 0.038095
4 0.325000 0.133333 0.050000 0.038095
4 0.375000 0.133333 0.050000 0.038095
4 0.425000 0.133333 0.050000 0.038095
4 0.475000 0.133333 0.050000 0.038095
4 0.525000 0.133333 0.050000 0.038095
4 0.575000 0.133333 0.050000 0.038095
4 0.625000 0.133333 0.050000 0.038095
4 0.675000 0.133333 0.050000 0.038095
4 0.725000 0.133333 0.050000 0.038095
4 0.775000 0.133333 0.050000 0.038095
4 0.825000 0.133333 0.050000 0.038095
4 0.875000 0.133333 0.050000 0.038095
4 0.925000 0.133333 0.050000 0.038095
4 0.975000 0.133333 0.050000 0.038095
4 1.000000 0.133333 0.050000 0.038095
4 1.000000 0.133333 0.050000 0.038095
4 1.000000 0.133333 0.050000 0.038095
4 1.000000 0.133333 0.050000 0.038095
4 1.000000 0.133333 0.050000 0.038095
4 1.000000 0.133333 0.050000 0.038095
4 1.000000 0.133333 0.050000 0.038095
4 1.000000 0.133333 0.050000 0.038095
4 1.000000 0.133333 0.050000 0.038095
4 1.000000 0.133333 0.050000 0.038095
4 1.000000 0.133333 0.050000 0.038095
4 1.000000 0.133333 0.050000 0.038095
4 1.000000 0.133333 0.050000 0.038095
4 1.000000 0.133333 0.050000 0.038095
4 1.000000 0.133333 0.050000 0.038095
4 1.000000 0.133333 0.050000 0.038095
4 1.000000 0.133333 0.050000 0.038095
4 1.000000 0.133333 0.050000 0.038095
4 1.000000 0.133333 0.050000 0.038095
4 1.000000 0.133333 0.050000 0.038095
4 1.000000 0.133333 0.050000 0.038095
4 1.000000 0.133333 0.050000 0.038095
4 1.000000 0.133333 0.050000 0.038095
4 1.000000 0.133333 0.050000 0.038095
4 1.000000 0.133333 0.050000 0.038095
4 1.000000 0.133333 0.050000 0.038095
4 1.000000 0.133333 0.050000 0.038095
4 1.000000 0.133333 0.050000 0.038095
4 1.000000 0.133333 0.050000 0.038095
4 1.000000 0.133333 0.050000 0.038095
4 1.000000 0.133333 0.050000 0.038095
4 1.000000 0.133333 0.050000 0.038095
4 1.000000 0.133333 0.050000 0.038095
4 1.000000 0.133333 0.050000 0.038095
4 1.000000 0.133333 0.050000 0.038095
4 1.000000 0.133333 0.050000 0.038095
4 1.000000 0.133333 0.050000 0.038095
4 1.000000 0.133333 0.050000 0.038095
4 1.000000 0.133333 0.050000 0.038095
4 1.000000 0.133333 0.050000 0.038095
4 1.000000 0.133333 0.050000 0.038095
4 1.000000 0.133333 0.050000 0.038095
4 1.000000 0.133333 0.050000 0.038095
4 1.000000 0.133333 0.050000 0.038095
4 1.000000 0.133333 0.050000 0.038095
4 1.000000 0.133333 0.050000 0.038095
4 1.000000 0.133333 0.050000 0.038095
4 1.000000 0.133333 0.050000 0.038095
4 1.000000 0.133333 0.050000 0.038095
4 1.000000 0.133333 0.050000 0.038095
4 1.000000 0.133333 0.050000 0.038095
4 1.000000 0.133333 0.050000 0.038095
4 1.000000 0.133333 0.050000 0.038095
4 1.000000 0.133333 0.050000 0.038095
4 1.000000 0.133333 0.050000 0.038095
4 1.000000 0.133333 0.050000 0.038095
4 1.000000 0.133333 0.050000 0.038095
4 1.000000 0.133333 0.050000 0.038095
4 1.000000 0.133333 0.050000 0.038095
4 1.000000 0.133333 0.050000 0.038095
4 1.000000 0.133333 0.050000 0.038095
4 1.000000 0.133333 0.050000 0.038095
4 1.000000 0.133333 0.050000 0.038095
4 1.000000 0.133333 0.050000 0.038095
4 1.000000 0.133333 0.050000 0.038095
4 1.000000 0.133333 0.050000 0.038095
4 1.000000 0.133333 0.050000 0.038095
4 1.000000 0.133333 0.050000 0.038095
4 1.000000 0.133333 0.050000 0.038095
4 1.000000 0.133333 0.050000 0.038095
4 1.000000 0.133333 0.050000 0.038095
4 1.000000 0.133333 0.050000 0.038095
4 1.000000 0.133333 0.050000 0.038095
4 1.000000 0.133333 0.050000 0.038095
4 1.000000 0.133333 0.050000 0.038095
4 1.000000 0.133333 0.050000 0.038095
4 1.000000 0.133333 0.050000 0.038095
4 1.000000 0.133333 0.050000 0.038095
4 1.000000 0.133333 0.050000 0.038095
4 1.000000 0.133333 0.050000 0.038095
4 1.000000 0.133333 0.050000 0.038095
4 1.000000 0.133333 0.050000 0.038095
4 1.000000 0.133333 0.050000 0.038095
4 1.000000 0.133333 0.050000 0.038095
4 1.000000 0.133333 0.050000 0.038095
4 1.000000 0.133333 0.050000 0.038095
4 1.000000 0.133333 0.050000 0.038095
4 1.000000 0.133333 0.050000 0.038095
4 1.000000 0.133333 0.050000 0.038095
4 1.000000 0.133333 0.050000 0.038095
4 1.000000 0.133333 0.050000 0.038095
4 1.000000 0.133333 0.050000 0.038095
4 1.000000 0.133333 0.050000 0.038095
4 1.000000 0.133333 0.050000 0.038095
4 1.000000 0.133333 0.050000 0.038095
4 1.000000 0.133333 0.050000 0.038095
4 1.000000 0.133333 0.050000 0.038095
4 1.000000 0.133333 0.050000 0.038095
4 1.000000 0.133333 0.050000 0.038095
4 1.000000 0.133333 0.050000 0.038095
4 1.000000 0.133333 0.050000 0.038095
4 1.000000 0.133333 0.050000 0.038095
4 1.000000 0.133333 0.050000 0.038095
4 1.000000 0.133333 0.050000 0.038095
4 1.000000 0.133333 0.050000 0.038095
4 1.000000 0.133333 0.050000 0.038095
4 1.000000 0.133333 0.050000 0.038095
4 1.000000 0.133333 0.050000 0.038095
4 1.000000 0.133333 0.050000 0.038095
4 1.000000 0.133333 0.050000 0.038095
4 1.000000 0.133333 0.050000 0.038095
4 1.000000 0.133333 0.050000 0.038095
4 1.000000 0.133333 0.050000 0.038095
4 1.000000 0.133333 0.050000 0.038095
4 1.000000 0.133333 0.050000 0.038095
4 1.000000 0.133333 0.050000 0.038095
4 1.000000 0.133333 0.050000 0.038095
4 1.000000 0.133333 0.050000 0.038095
4 1.000000 0.133333 0.050000 0.038095
4 1.000000 0.133333 0.050000 0.038095
4 1.000000 0.133333 0.050000 0.038095
4 1.000000 0.133333 0.050000 0.038095
4 1.000000 0.133333 0.050000 0.038095
4 1.000000 0.133333 0.050000 0.038095
4 1.000000 0.133333 0.050000 0.038095
4 1.000000 0.133333 0.050000 0.038095
4 1.000000 0.133333 0.050000 0.038095
4 1.000000 0.133333 0.050000 0.038095
4 1.000000 0.133333 0.050000 0.038095
4 1.000000 0.133333 0.050000 0.038095
4 1.000000 0.133333 0.050000 0.038095
4 1.000000 0.133333 0.050000 0.038095
4 1.000000 0.133333 0.050000 0.038095
4 1.000000 0.133333 0.050000 0.038095
4 1.000000 0.133333 0.050000 0.038095
4 1.000000 0.133333 0.050000 0.038095
4 1.000000 0.133333 0.050000 0.038095
4 1.000000 0.133333 0.050000 0.038095
4 1.000000 0.133333 0.050000 0.038095
4 1.000000 0.133333 0.050000 0.038095
4 1.000000 0.133333 0.050000 0.038095
4 1.000000 0.133333 0.050000 0.038095
4 1.000000 0.133333 0.050000 0.038095
4 1.000000 0.133333 0.050000 0.038095
4 1.000000 0.133333 0.050000 0.038095
4 1.000000 0.133333 0.050000 0.038095
4 1.000000 0.133333 0.050000 0.038095
4 1.000000 0.133333 0.050000 0.038095
4 1.000000 0.133333 0.050000 0.038095
4 1.000000 0.133333 0.050000 0.038095
4 1.000000 0.133333 0.050000 0.038095
4 1.000000 0.133333 0.050000 0.038095
4 1.000000 0.133333 0.050000 0.038095
4 1.000000 0.133333 0.050000 0.038095
4 1.000000 0.133333 0.050000 0.038095
4 1.000000 0.133333 0.050000 0.038095
4 1.000000 0.133333 0.050000 0.038095
4 1.000000 0.133333 0.050000 0.038095
4 1.000000 0.133333 0.050000 0.038095
4 1.000000 0.133333 0.050000 0.038095
4 1.000000 0.133333 0.050000 0.038095
4 1.000000 0.133333 0.050000 0.038095
4 1.000000 0.133333 0.050000 0.038095
4 1.000000 0.133333 0.050000 0.038095
4 1.000000 0.133333 0.050000 0.038095
4 1.000000 0.133333 0.050000 0.038095
4 1.000000 0.133333 0.050000 0.038095
4 1.000000 0.133333 0.050000 0.038095
4 1.000000 0.133333 0.050000 0.038095
4 1.000000 0.133333 0.050000 0.038095
4 1.000000 0.133333 0.050000 0.038095
4 1.000000 0.133333 0.050000 0.038095
4 1.000000 0.133333 0.050000 0.038095
4 1.000000 0.133333 0.050000 0.038095
4 1.000000 0.133333 0.050000 0.038095
4 1.000000 0.133333 0.050000 0.038095
4 1.000000 0.133333 0.050000 0.038095
4 1.000000 0.133333 0.050000 0.038095
4 1.000000 0.133333 0.050000 0.038095
4 1.000000 0.133333 0.050000 0.038095
4 1.000000 0.133333 0.050000 0.038095
4 1.000000 0.133333 0.050000 0.038095
4 1.000000 0.133333 0.050000 0.038095
4 1.000000 0.133333 0.050000 0.038095
4 1.000000 0.133333 0.050000 0.038095
4 1.000000 0.133333 0.050000 0.038095
4 1.000000 0.133333 0.050000 0.038095
4 1.000000 0.133333 0.050000 0.038095
4 1.000000 0.133333 0.050000 0.038095
4 1.000000 0.133333 0.050000 0.038095
4 0.025000 0.019048 0.050000 0.038095
4 0.075000 0.019048 0.050000 0.038095
4 0.125000 0.019048 0.050000 0.038095
4 0.175000 0.019048 0.050000 0.038095
4 0.225000 0.019048 0.050000 0.038095
4 0.275000 0.019048 0.050000 0.038095
4 0.325000 0.019048 0.050000 0.038095
4 0.375000 0.019048 0.050000 0.038095
4 0.425000 0.019048 0.050000 0.038095
4 0.475000 0.019048 0.050000 0.038095
4 0.525000 0.019048 0.050000 0.038095
4 0.575000 0.019048 0.050000 0.038095
4 0.625000 0.019048 0.050000 0.038095
4 0.675000 0.019048 0.050000 0.038095
4 0.725000 0.019048 0.050000 0.038095
4 0.775000 0.019048 0.050000 0.038095
4 0.825000 0.019048 0.050000 0.038095
4 0.875000 0.019048 0.050000 0.038095
4 0.925000 0.019048 0.050000 0.038095
4 0.975000 0.019048 0.050000 0.038095
4 1.000000 0.019048 0.050000 0.038095
4 1.000000 0.019048 0.050000 0.038095
4 1.000000 0.019048 0.050000 0.038095
4 1.000000 0.019048 0.050000 0.038095
4 1.000000 0.019048 0.050000 0.038095
4 1.000000 0.019048 0.050000 0.038095
4 1.000000 0.019048 0.050000 0.038095
4 1.000000 0.019048 0.050000 0.038095
4 1.000000 0.019048 0.050000 0.038095
4 1.000000 0.019048 0.050000 0.038095
4 1.000000 0.019048 0.050000 0.038095
4 1.000000 0.019048 0.050000 0.038095
4 1.000000 0.019048 0.050000 0.038095
4 1.000000 0.019048 0.050000 0.038095
4 1.000000 0.019048 0.050000 0.038095
4 1.000000 0.019048 0.050000 0.038095
4 1.000000 0.019048 0.050000 0.038095
4 1.000000 0.019048 0.050000 0.038095
4 1.000000 0.019048 0.050000 0.038095
4 1.000000 0.019048 0.050000 0.038095
4 1.000000 0.019048 0.050000 0.038095
4 1.000000 0.019048 0.050000 0.038095
4 1.000000 0.019048 0.050000 0.038095
4 1.000000 0.019048 0.050000 0.038095
4 1.000000 0.019048 0.050000 0.038095
4 1.000000 0.019048 0.050000 0.038095
4 1.000000 0.019048 0.050000 0.038095
4 1.000000 0.019048 0.050000 0.038095
4 1.000000 0.019048 0.050000 0.038095
4 1.000000 0.019048 0.050000 0.038095
4 1.000000 0.019048 0.050000 0.038095
4 1.000000 0.019048 0.050000 0.038095
4 1.000000 0.019048 0.050000 0.038095
4 1.000000 0.019048 0.050000 0.038095
4 1.000000 0.019048 0.050000 0.038095
4 1.000000 0.019048 0.050000 0.038095
4 1.000000 0.019048 0.050000 0.038095
4 1.000000 0.019048 0.050000 0.038095
4 1.000000 0.019048 0.050000 0.038095
4 1.000000 0.019048 0.050000 0.038095
4 1.000000 0.019048 0.050000 0.038095
4 1.000000 0.019048 0.050000 0.038095
4 1.000000 0.019048 0.050000 0.038095
4 1.000000 0.019048 0.050000 0.038095
4 1.000000 0.019048 0.050000 0.038095
4 1.000000 0.019048 0.050000 0.038095
4 1.000000 0.019048 0.050000 0.038095
4 1.000000 0.019048 0.050000 0.038095
4 1.000000 0.019048 0.050000 0.038095
4 1.000000 0.019048 0.050000 0.038095
4 1.000000 0.019048 0.050000 0.038095
4 1.000000 0.019048 0.050000 0.038095
4 1.000000 0.019048 0.050000 0.038095
4 1.000000 0.019048 0.050000 0.038095
4 1.000000 0.019048 0.050000 0.038095
4 1.000000 0.019048 0.050000 0.038095
4 1.000000 0.019048 0.050000 0.038095
4 1.000000 0.019048 0.050000 0.038095
4 1.000000 0.019048 0.050000 0.038095
4 1.000000 0.019048 0.050000 0.038095
4 1.000000 0.019048 0.050000 0.038095
4 1.000000 0.019048 0.050000 0.038095
4 1.000000 0.019048 0.050000 0.038095
4 1.000000 0.019048 0.050000 0.038095
4 1.000000 0.019048 0.050000 0.038095
4 1.000000 0.019048 0.050000 0.038095
4 1.000000 0.019048 0.050000 0.038095
4 1.000000 0.019048 0.050000 0.038095
4 1.000000 0.019048 0.050000 0.038095
4 1.000000 0.019048 0.050000 0.038095
4 1.000000 0.019048 0.050000 0.038095
4 1.000000 0.019048 0.050000 0.038095
4 1.000000 0.019048 0.050000 0.038095
4 1.000000 0.019048 0.050000 0.038095
4 1.000000 0.019048 0.050000 0.038095
4 1.000000 0.019048 0.050000 0.038095
4 1.000000 0.019048 0.050000 0.038095
4 1.000000 0.019048 0.050000 0.038095
4 1.000000 0.019048 0.050000 0.038095
4 1.000000 0.019048 0.050000 0.038095
4 1.000000 0.019048 0.050000 0.038095
4 1.000000 0.019048 0.050000 0.038095
4 1.000000 0.019048 0.050000 0.038095
4 1.000000 0.019048 0.050000 0.038095
4 1.000000 0.019048 0.050000 0.038095
4 1.000000 0.019048 0.050000 0.038095
4 1.000000 0.019048 0.050000 0.038095
4 1.000000 0.019048 0.050000 0.038095
4 1.000000 0.019048 0.050000 0.038095
4 1.000000 0.019048 0.050000 0.038095
4 1.000000 0.019048 0.050000 0.038095
4 1.000000 0.019048 0.050000 0.038095
4 1.000000 0.019048 0.050000 0.038095
4 1.000000 0.019048 0.050000 0.038095
4 1.000000 0.019048 0.050000 0.038095
4 1.000000 0.019048 0.050000 0.038095
4 1.000000 0.019048 0.050000 0.038095
4 1.000000 0.019048 0.050000 0.038095
4 1.000000 0.019048 0.050000 0.038095
4 1.000000 0.019048 0.050000 0.038095
4 1.000000 0.019048 0.050000 0.038095
4 1.000000 0.019048 0.050000 0.038095
4 1.000000 0.019048 0.050000 0.038095
4 1.000000 0.019048 0.050000 0.038095
4 1.000000 0.019048 0.050000 0.038095
4 1.000000 0.019048 0.050000 0.038095
4 1.000000 0.019048 0.050000 0.038095
4 1.000000 0.019048 0.050000 0.038095
4 1.000000 0.019048 0.050000 0.038095
4 1.000000 0.019048 0.050000 0.038095
4 1.000000 0.019048 0.050000 0.038095
4 1.000000 0.019048 0.050000 0.038095
4 1.000000 0.019048 0.050000 0.038095
4 1.000000 0.019048 0.050000 0.038095
4 1.000000 0.019048 0.050000 0.038095
4 1.000000 0.019048 0.050000 0.038095
4 1.000000 0.019048 0.050000 0.038095
4 1.000000 0.019048 0.050000 0.038095
4 1.000000 0.019048 0.050000 0.038095
4 1.000000 0.019048 0.050000 0.038095
4 1.000000 0.019048 0.050000 0.038095
4 1.000000 0.019048 0.050000 0.038095
4 1.000000 0.019048 0.050000 0.038095
4 1.000000 0.019048 0.050000 0.038095
4 1.000000 0.019048 0.050000 0.038095
4 1.000000 0.019048 0.050000 0.038095
4 1.000000 0.019048 0.050000 0.038095
4 1.000000 0.019048 0.050000 0.038095
4 1.000000 0.019048 0.050000 0.038095
4 1.000000 0.019048 0.050000 0.038095
4 1.000000 0.019048 0.050000 0.038095
4 1.000000 0.019048 0.050000 0.038095
4 1.000000 0.019048 0.050000 0.038095
4 1.000000 0.019048 0.050000 0.038095
4 1.000000 0.019048 0.050000 0.038095
4 1.000000 0.019048 0.050000 0.038095
4 1.000000 0.019048 0.050000 0.038095
4 1.000000 0.019048 0.050000 0.038095
4 1.000000 0.019048 0.050000 0.038095
4 1.000000 0.019048 0.050000 0.038095
4 1.000000 0.019048 0.050000 0.038095
4 1.000000 0.019048 0.050000 0.038095
4 1.000000 0.019048 0.050000 0.038095
4 1.000000 0.019048 0.050000 0.038095
4 1.000000 0.019048 0.050000 0.038095
4 1.000000 0.019048 0.050000 0.038095
4 1.000000 0.019048 0.050000 0.038095
4 1.000000 0.019048 0.050000 0.038095
4 1.000000 0.019048 0.050000 0.038095
4 1.000000 0.019048 0.050000 0.038095
4 1.000000 0.019048 0.050000 0.038095
4 1.000000 0.019048 0.050000 0.038095
4 1.000000 0.019048 0.050000 0.038095
4 1.000000 0.019048 0.050000 0.038095
4 1.000000 0.019048 0.050000 0.038095
4 1.000000 0.019048 0.050000 0.038095
4 1.000000 0.019048 0.050000 0.038095
4 1.000000 0.019048 0.050000 0.038095
4 1.000000 0.019048 0.050000 0.038095
4 1.000000 0.019048 0.050000 0.038095
4 1.000000 0.019048 0.050000 0.038095
4 1.000000 0.019048 0.050000 0.038095
4 1.000000 0.019048 0.050000 0.038095
4 1.000000 0.019048 0.050000 0.038095
4 1.000000 0.019048 0.050000 0.038095
4 1.000000 0.019048 0.050000 0.038095
4 1.000000 0.019048 0.050000 0.038095
4 1.000000 0.019048 0.050000 0.038095
4 1.000000 0.019048 0.050000 0.038095
4 1.000000 0.019048 0.050000 0.038095
4 1.000000 0.019048 0.050000 0.038095
4 1.000000 0.019048 0.050000 0.038095
4 1.000000 0.019048 0.050000 0.038095
4 1.000000 0.019048 0.050000 0.038095
4 1.000000 0.019048 0.050000 0.038095
4 1.000000 0.019048 0.050000 0.038095
4 1.000000 0.019048 0.050000 0.038095
4 1.000000 0.019048 0.050000 0.038095
4 1.000000 0.019048 0.050000 0.038095
4 1.000000 0.019048 0.050000 0.038095
4 1.000000 0.019048 0.050000 0.038095
4 1.000000 0.019048 0.050000 0.038095
4 1.000000 0.019048 0.050000 0.038095
4 1.000000 0.019048 0.050000 0.038095
4 1.000000 0.019048 0.050000 0.038095
4 1.000000 0.019048 0.050000 0.038095
4 1.000000 0.019048 0.050000 0.038095
4 1.000000 0.019048 0.050000 0.038095
4 1.000000 0.019048 0.050000 0.038095
4 1.000000 0.019048 0.050000 0.038095
4 0.025000 0.057143 0.050000 0.038095
4 0.075000 0.057143 0.050000 0.038095
4 0.125000 0.057143 0.050000 0.038095
4 0.175000 0.057143 0.050000 0.038095
4 0.225000 0.057143 0.050000 0.038095
4 0.275000 0.057143 0.050000 0.038095
4 0.325000 0.057143 0.050000 0.038095
4 0.375000 0.057143 0.050000 0.038095
4 0.425000 0.057143 0.050000 0.038095
4 0.475000 0.057143 0.050000 0.038095
4 0.525000 0.057143 0.050000 0.038095
4 0.575000 0.057143 0.050000 0.038095
4 0.625000 0.057143 0.050000 0.038095
4 0.675000 0.057143 0.050000 0.038095
4 0.725000 0.057143 0.050000 0.038095
4 0.775000 0.057143 0.050000 0.038095
4 0.825000 0.057143 0.050000 0.038095
4 0.875000 0.057143 0.050000 0.038095
4 0.925000 0.057143 0.050000 0.038095
4 0.975000 0.057143 0.050000 0.038095
4 1.000000 0.057143 0.050000 0.038095
4 1.000000 0.057143 0.050000 0.038095
4 1.000000 0.057143 0.050000 0.038095
4 1.000000 0.057143 0.050000 0.038095
4 1.000000 0.057143 0.050000 0.038095
4 1.000000 0.057143 0.050000 0.038095
4 1.000000 0.057143 0.050000 0.038095
4 1.000000 0.057143 0.050000 0.038095
4 1.000000 0.057143 0.050000 0.038095
4 1.000000 0.057143 0.050000 0.038095
4 1.000000 0.057143 0.050000 0.038095
4 1.000000 0.057143 0.050000 0.038095
4 1.000000 0.057143 0.050000 0.038095
4 1.000000 0.057143 0.050000 0.038095
4 1.000000 0.057143 0.050000 0.038095
4 1.000000 0.057143 0.050000 0.038095
4 1.000000 0.057143 0.050000 0.038095
4 1.000000 0.057143 0.050000 0.038095
4 1.000000 0.057143 0.050000 0.038095
4 1.000000 0.057143 0.050000 0.038095
4 1.000000 0.057143 0.050000 0.038095
4 1.000000 0.057143 0.050000 0.038095
4 1.000000 0.057143 0.050000 0.038095
4 1.000000 0.057143 0.050000 0.038095
4 1.000000 0.057143 0.050000 0.038095
4 1.000000 0.057143 0.050000 0.038095
4 1.000000 0.057143 0.050000 0.038095
4 1.000000 0.057143 0.050000 0.038095
4 1.000000 0.057143 0.050000 0.038095
4 1.000000 0.057143 0.050000 0.038095
4 1.000000 0.057143 0.050000 0.038095
4 1.000000 0.057143 0.050000 0.038095
4 1.000000 0.057143 0.050000 0.038095
4 1.000000 0.057143 0.050000 0.038095
4 1.000000 0.057143 0.050000 0.038095
4 1.000000 0.057143 0.050000 0.038095
4 1.000000 0.057143 0.050000 0.038095
4 1.000000 0.057143 0.050000 0.038095
4 1.000000 0.057143 0.050000 0.038095
4 1.000000 0.057143 0.050000 0.038095
4 1.000000 0.057143 0.050000 0.038095
4 1.000000 0.057143 0.050000 0.038095
4 1.000000 0.057143 0.050000 0.038095
4 1.000000 0.057143 0.050000 0.038095
4 1.000000 0.057143 0.050000 0.038095
4 1.000000 0.057143 0.050000 0.038095
4 1.000000 0.057143 0.050000 0.038095
4 1.000000 0.057143 0.050000 0.038095
4 1.000000 0.057143 0.050000 0.038095
4 1.000000 0.057143 0.050000 0.038095
4 1.000000 0.057143 0.050000 0.038095
4 1.000000 0.057143 0.050000 0.038095
4 1.000000 0.057143 0.050000 0.038095
4 1.000000 0.057143 0.050000 0.038095
4 1.000000 0.057143 0.050000 0.038095
4 1.000000 0.057143 0.050000 0.038095
4 1.000000 0.057143 0.050000 0.038095
4 1.000000 0.057143 0.050000 0.038095
4 1.000000 0.057143 0.050000 0.038095
4 1.000000 0.057143 0.050000 0.038095
4 1.000000 0.057143 0.050000 0.038095
4 1.000000 0.057143 0.050000 0.038095
4 1.000000 0.057143 0.050000 0.038095
4 1.000000 0.057143 0.050000 0.038095
4 1.000000 0.057143 0.050000 0.038095
4 1.000000 0.057143 0.050000 0.038095
4 1.000000 0.057143 0.050000 0.038095
4 1.000000 0.057143 0.050000 0.038095
4 1.000000 0.057143 0.050000 0.038095
4 1.000000 0.057143 0.050000 0.038095
4 1.000000 0.057143 0.050000 0.038095
4 1.000000 0.057143 0.050000 0.038095
4 1.000000 0.057143 0.050000 0.038095
4 1.000000 0.057143 0.050000 0.038095
4 1.000000 0.057143 0.050000 0.038095
4 1.000000 0.057143 0.050000 0.038095
4 1.000000 0.057143 0.050000 0.038095
4 1.000000 0.057143 0.050000 0.038095
4 1.000000 0.057143 0.050000 0.038095
4 1.000000 0.057143 0.050000 0.038095
4 1.000000 0.057143 0.050000 0.038095
4 1.000000 0.057143 0.050000 0.038095
4 1.000000 0.057143 0.050000 0.038095
4 1.000000 0.057143 0.050000 0.038095
4 1.000000 0.057143 0.050000 0.038095
4 1.000000 0.057143 0.050000 0.038095
4 1.000000 0.057143 0.050000 0.038095
4 1.000000 0.057143 0.050000 0.038095
4 1.000000 0.057143 0.050000 0.038095
4 1.000000 0.057143 0.050000 0.038095
4 1.000000 0.057143 0.050000 0.038095
4 1.000000 0.057143 0.050000 0.038095
4 1.000000 0.057143 0.050000 0.038095
4 1.000000 0.057143 0.050000 0.038095
4 1.000000 0.057143 0.050000 0.038095
4 1.000000 0.057143 0.050000 0.038095
4 1.000000 0.057143 0.050000 0.038095
4 1.000000 0.057143 0.050000 0.038095
4 1.000000 0.057143 0.050000 0.038095
4 1.000000 0.057143 0.050000 0.038095
4 1.000000 0.057143 0.050000 0.038095
4 1.000000 0.057143 0.050000 0.038095
4 1.000000 0.057143 0.050000 0.038095
4 1.000000 0.057143 0.050000 0.038095
4 1.000000 0.057143 0.050000 0.038095
4 1.000000 0.057143 0.050000 0.038095
4 1.000000 0.057143 0.050000 0.038095
4 1.000000 0.057143 0.050000 0.038095
4 1.000000 0.057143 0.050000 0.038095
4 1.000000 0.057143 0.050000 0.038095
4 1.000000 0.057143 0.050000 0.038095
4 1.000000 0.057143 0.050000 0.038095
4 1.000000 0.057143 0.050000 0.038095
4 1.000000 0.057143 0.050000 0.038095
4 1.000000 0.057143 0.050000 0.038095
4 1.000000 0.057143 0.050000 0.038095
4 1.000000 0.057143 0.050000 0.038095
4 1.000000 0.057143 0.050000 0.038095
4 1.000000 0.057143 0.050000 0.038095
4 1.000000 0.057143 0.050000 0.038095
4 1.000000 0.057143 0.050000 0.038095
4 1.000000 0.057143 0.050000 0.038095
4 1.000000 0.057143 0.050000 0.038095
4 1.000000 0.057143 0.050000 0.038095
4 1.000000 0.057143 0.050000 0.038095
4 1.000000 0.057143 0.050000 0.038095
4 1.000000 0.057143 0.050000 0.038095
4 1.000000 0.057143 0.050000 0.038095
4 1.000000 0.057143 0.050000 0.038095
4 1.000000 0.057143 0.050000 0.038095
4 1.000000 0.057143 0.050000 0.038095
4 1.000000 0.057143 0.050000 0.038095
4 1.000000 0.057143 0.050000 0.038095
4 1.000000 0.057143 0.050000 0.038095
4 1.000000 0.057143 0.050000 0.038095
4 1.000000 0.057143 0.050000 0.038095
4 1.000000 0.057143 0.050000 0.038095
4 1.000000 0.057143 0.050000 0.038095
4 1.000000 0.057143 0.050000 0.038095
4 1.000000 0.057143 0.050000 0.038095
4 1.000000 0.057143 0.050000 0.038095
4 1.000000 0.057143 0.050000 0.038095
4 1.000000 0.057143 0.050000 0.038095
4 1.000000 0.057143 0.050000 0.038095
4 1.000000 0.057143 0.050000 0.038095
4 1.000000 0.057143 0.050000 0.038095
4 1.000000 0.057143 0.050000 0.038095
4 1.000000 0.057143 0.050000 0.038095
4 1.000000 0.057143 0.050000 0.038095
4 1.000000 0.057143 0.050000 0.038095
4 1.000000 0.057143 0.050000 0.038095
4 1.000000 0.057143 0.050000 0.038095
4 1.000000 0.057143 0.050000 0.038095
4 1.000000 0.057143 0.050000 0.038095
4 1.000000 0.057143 0.050000 0.038095
4 1.000000 0.057143 0.050000 0.038095
4 1.000000 0.057143 0.050000 0.038095
4 1.000000 0.057143 0.050000 0.038095
4 1.000000 0.057143 0.050000 0.038095
4 1.000000 0.057143 0.050000 0.038095
4 1.000000 0.057143 0.050000 0.038095
4 1.000000 0.057143 0.050000 0.038095
4 1.000000 0.057143 0.050000 0.038095
4 1.000000 0.057143 0.050000 0.038095
4 1.000000 0.057143 0.050000 0.038095
4 1.000000 0.057143 0.050000 0.038095
4 1.000000 0.057143 0.050000 0.038095
4 1.000000 0.057143 0.050000 0.038095
4 1.000000 0.057143 0.050000 0.038095
4 1.000000 0.057143 0.050000 0.038095
4 1.000000 0.057143 0.050000 0.038095
4 1.000000 0.057143 0.050000 0.038095
4 1.000000 0.057143 0.050000 0.038095
4 1.000000 0.057143 0.050000 0.038095
4 1.000000 0.057143 0.050000 0.038095
4 1.000000 0.057143 0.050000 0.038095
4 1.000000 0.057143 0.050000 0.038095
4 1.000000 0.057143 0.050000 0.038095
4 1.000000 0.057143 0.050000 0.038095
4 1.000000 0.057143 0.050000 0.038095
4 1.000000 0.057143 0.050000 0.038095
4 1.000000 0.057143 0.050000 0.038095
4 1.000000 0.057143 0.050000 0.038095
4 1.000000 0.057143 0.050000 0.038095
4 1.000000 0.057143 0.050000 0.038095
4 1.000000 0.057143 0.050000 0.038095
4 1.000000 0.057143 0.050000 0.038095
4 1.000000 0.057143 0.050000 0.038095
4 1.000000 0.057143 0.050000 0.038095
4 1.000000 0.057143 0.050000 0.038095
4 0.025000 0.095238 0.050000 0.038095
4 0.075000 0.095238 0.050000 0.038095
4 0.125000 0.095238 0.050000 0.038095
4 0.175000 0.095238 0.050000 0.038095
4 0.225000 0.095238 0.050000 0.038095
4 0.275000 0.095238 0.050000 0.038095
4 0.325000 0.095238 0.050000 0.038095
4 0.375000 0.095238 0.050000 0.038095
4 0.425000 0.095238 0.050000 0.038095
4 0.475000 0.095238 0.050000 0.038095
4 0.525000 0.095238 0.050000 0.038095
4 0.575000 0.095238 0.050000 0.038095
4 0.625000 0.095238 0.050000 0.038095
4 0.675000 0.095238 0.050000 0.038095
4 0.725000 0.095238 0.050000 0.038095
4 0.775000 0.095238 0.050000 0.038095
4 0.825000 0.095238 0.050000 0.038095
4 0.875000 0.095238 0.050000 0.038095
4 0.925000 0.095238 0.050000 0.038095
4 0.975000 0.095238 0.050000 0.038095
4 1.000000 0.095238 0.050000 0.038095
4 1.000000 0.095238 0.050000 0.038095
4 1.000000 0.095238 0.050000 0.038095
4 1.000000 0.095238 0.050000 0.038095
4 1.000000 0.095238 0.050000 0.038095
4 1.000000 0.095238 0.050000 0.038095
4 1.000000 0.095238 0.050000 0.038095
4 1.000000 0.095238 0.050000 0.038095
4 1.000000 0.095238 0.050000 0.038095
4 1.000000 0.095238 0.050000 0.038095
4 1.000000 0.095238 0.050000 0.038095
4 1.000000 0.095238 0.050000 0.038095
4 1.000000 0.095238 0.050000 0.038095
4 1.000000 0.095238 0.050000 0.038095
4 1.000000 0.095238 0.050000 0.038095
4 1.000000 0.095238 0.050000 0.038095
4 1.000000 0.095238 0.050000 0.038095
4 1.000000 0.095238 0.050000 0.038095
4 1.000000 0.095238 0.050000 0.038095
4 1.000000 0.095238 0.050000 0.038095
4 1.000000 0.095238 0.050000 0.038095
4 1.000000 0.095238 0.050000 0.038095
4 1.000000 0.095238 0.050000 0.038095
4 1.000000 0.095238 0.050000 0.038095
4 1.000000 0.095238 0.050000 0.038095
4 1.000000 0.095238 0.050000 0.038095
4 1.000000 0.095238 0.050000 0.038095
4 1.000000 0.095238 0.050000 0.038095
4 1.000000 0.095238 0.050000 0.038095
4 1.000000 0.095238 0.050000 0.038095
4 1.000000 0.095238 0.050000 0.038095
4 1.000000 0.095238 0.050000 0.038095
4 1.000000 0.095238 0.050000 0.038095
4 1.000000 0.095238 0.050000 0.038095
4 1.000000 0.095238 0.050000 0.038095
4 1.000000 0.095238 0.050000 0.038095
4 1.000000 0.095238 0.050000 0.038095
4 1.000000 0.095238 0.050000 0.038095
4 1.000000 0.095238 0.050000 0.038095
4 1.000000 0.095238 0.050000 0.038095
4 1.000000 0.095238 0.050000 0.038095
4 1.000000 0.095238 0.050000 0.038095
4 1.000000 0.095238 0.050000 0.038095
4 1.000000 0.095238 0.050000 0.038095
4 1.000000 0.095238 0.050000 0.038095
4 1.000000 0.095238 0.050000 0.038095
4 1.000000 0.095238 0.050000 0.038095
4 1.000000 0.095238 0.050000 0.038095
4 1.000000 0.095238 0.050000 0.038095
4 1.000000 0.095238 0.050000 0.038095
4 1.000000 0.095238 0.050000 0.038095
4 1.000000 0.095238 0.050000 0.038095
4 1.000000 0.095238 0.050000 0.038095
4 1.000000 0.095238 0.050000 0.038095
4 1.000000 0.095238 0.050000 0.038095
4 1.000000 0.095238 0.050000 0.038095
4 1.000000 0.095238 0.050000 0.038095
4 1.000000 0.095238 0.050000 0.038095
4 1.000000 0.095238 0.050000 0.038095
4 1.000000 0.095238 0.050000 0.038095
4 1.000000 0.095238 0.050000 0.038095
4 1.000000 0.095238 0.050000 0.038095
4 1.000000 0.095238 0.050000 0.038095
4 1.000000 0.095238 0.050000 0.038095
4 1.000000 0.095238 0.050000 0.038095
4 1.000000 0.095238 0.050000 0.038095
4 1.000000 0.095238 0.050000 0.038095
4 1.000000 0.095238 0.050000 0.038095
4 1.000000 0.095238 0.050000 0.038095
4 1.000000 0.095238 0.050000 0.038095
4 1.000000 0.095238 0.050000 0.038095
4 1.000000 0.095238 0.050000 0.038095
4 1.000000 0.095238 0.050000 0.038095
4 1.000000 0.095238 0.050000 0.038095
4 1.000000 0.095238 0.050000 0.038095
4 1.000000 0.095238 0.050000 0.038095
4 1.000000 0.095238 0.050000 0.038095
4 1.000000 0.095238 0.050000 0.038095
4 1.000000 0.095238 0.050000 0.038095
4 1.000000 0.095238 0.050000 0.038095
4 1.000000 0.095238 0.050000 0.038095
4 1.000000 0.095238 0.050000 0.038095
4 1.000000 0.095238 0.050000 0.038095
4 1.000000 0.095238 0.050000 0.038095
4 1.000000 0.095238 0.050000 0.038095
4 1.000000 0.095238 0.050000 0.038095
4 1.000000 0.095238 0.050000 0.038095
4 1.000000 0.095238 0.050000 0.038095
4 1.000000 0.095238 0.050000 0.038095
4 1.000000 0.095238 0.050000 0.038095
4 1.000000 0.095238 0.050000 0.038095
4 1.000000 0.095238 0.050000 0.038095
4 1.000000 0.095238 0.050000 0.038095
4 1.000000 0.095238 0.050000 0.038095
4 1.000000 0.095238 0.050000 0.038095
4 1.000000 0.095238 0.050000 0.038095
4 1.000000 0.095238 0.050000 0.038095
4 1.000000 0.095238 0.050000 0.038095
4 1.000000 0.095238 0.050000 0.038095
4 1.000000 0.095238 0.050000 0.038095
4 1.000000 0.095238 0.050000 0.038095
4 1.000000 0.095238 0.050000 0.038095
4 1.000000 0.095238 0.050000 0.038095
4 1.000000 0.095238 0.050000 0.038095
4 1.000000 0.095238 0.050000 0.038095
4 1.000000 0.095238 0.050000 0.038095
4 1.000000 0.095238 0.050000 0.038095
4 1.000000 0.095238 0.050000 0.038095
4 1.000000 0.095238 0.050000 0.038095
4 1.000000 0.095238 0.050000 0.038095
4 1.000000 0.095238 0.050000 0.038095
4 1.000000 0.095238 0.050000 0.038095
4 1.000000 0.095238 0.050000 0.038095
4 1.000000 0.095238 0.050000 0.038095
4 1.000000 0.095238 0.050000 0.038095
4 1.000000 0.095238 0.050000 0.038095
4 1.000000 0.095238 0.050000 0.038095
4 1.000000 0.095238 0.050000 0.038095
4 1.000000 0.095238 0.050000 0.038095
4 1.000000 0.095238 0.050000 0.038095
4 1.000000 0.095238 0.050000 0.038095
4 1.000000 0.095238 0.050000 0.038095
4 1.000000 0.095238 0.050000 0.038095
4 1.000000 0.095238 0.050000 0.038095
4 1.000000 0.095238 0.050000 0.038095
4 1.000000 0.095238 0.050000 0.038095
4 1.000000 0.095238 0.050000 0.038095
4 1.000000 0.095238 0.050000 0.038095
4 1.000000 0.095238 0.050000 0.038095
4 1.000000 0.095238 0.050000 0.038095
4 1.000000 0.095238 0.050000 0.038095
4 1.000000 0.095238 0.050000 0.038095
4 1.000000 0.095238 0.050000 0.038095
4 1.000000 0.095238 0.050000 0.038095
4 1.000000 0.095238 0.050000 0.038095
4 1.000000 0.095238 0.050000 0.038095
4 1.000000 0.095238 0.050000 0.038095
4 1.000000 0.095238 0.050000 0.038095
4 1.000000 0.095238 0.050000 0.038095
4 1.000000 0.095238 0.050000 0.038095
4 1.000000 0.095238 0.050000 0.038095
4 1.000000 0.095238 0.050000 0.038095
4 1.000000 0.095238 0.050000 0.038095
4 1.000000 0.095238 0.050000 0.038095
4 1.000000 0.095238 0.050000 0.038095
4 1.000000 0.095238 0.050000 0.038095
4 1.000000 0.095238 0.050000 0.038095
4 1.000000 0.095238 0.050000 0.038095
4 1.000000 0.095238 0.050000 0.038095
4 1.000000 0.095238 0.050000 0.038095
4 1.000000 0.095238 0.050000 0.038095
4 1.000000 0.095238 0.050000 0.038095
4 1.000000 0.095238 0.050000 0.038095
4 1.000000 0.095238 0.050000 0.038095
4 1.000000 0.095238 0.050000 0.038095
4 1.000000 0.095238 0.050000 0.038095
4 1.000000 0.095238 0.050000 0.038095
4 1.000000 0.095238 0.050000 0.038095
4 1.000000 0.095238 0.050000 0.038095
4 1.000000 0.095238 0.050000 0.038095
4 1.000000 0.095238 0.050000 0.038095
4 1.000000 0.095238 0.050000 0.038095
4 1.000000 0.095238 0.050000 0.038095
4 1.000000 0.095238 0.050000 0.038095
4 1.000000 0.095238 0.050000 0.038095
4 1.000000 0.095238 0.050000 0.038095
4 1.000000 0.095238 0.050000 0.038095
4 1.000000 0.095238 0.050000 0.038095
4 1.000000 0.095238 0.050000 0.038095
4 1.000000 0.095238 0.050000 0.038095
4 1.000000 0.095238 0.050000 0.038095
4 1.000000 0.095238 0.050000 0.038095
4 1.000000 0.095238 0.050000 0.038095
4 1.000000 0.095238 0.050000 0.038095
4 1.000000 0.095238 0.050000 0.038095
4 1.000000 0.095238 0.050000 0.038095
4 1.000000 0.095238 0.050000 0.038095
4 1.000000 0.095238 0.050000 0.038095
4 1.000000 0.095238 0.050000 0.038095
4 1.000000 0.095238 0.050000 0.038095
4 1.000000 0.095238 0.050000 0.038095
4 1.000000 0.095238 0.050000 0.038095
4 1.000000 0.095238 0.050000 0.038095
4 1.000000 0.095238 0.050000 0.038095
4 1.000000 0.095238 0.050000 0.038095
4 1.000000 0.095238 0.050000 0.038095
4 1.000000 0.095238 0.050000 0.038095
4 1.000000 0.095238 0.050000 0.038095
4 1.000000 0.095238 0.050000 0.038095
4 1.000000 0.095238 0.050000 0.038095
4 0.025000 0.133333 0.050000 0.038095
4 0.075000 0.133333 0.050000 0.038095
4 0.125000 0.133333 0.050000 0.038095
4 0.175000 0.133333 0.050000 0.038095
4 0.225000 0.133333 0.050000 0.038095
4 0.275000 0.133333 0.050000 0.038095
4 0.325000 0.133333 0.050000 0.038095
4 0.375000 0.133333 0.050000 0.038095
4 0.425000 0.133333 0.050000 0.038095
4 0.475000 0.133333 0.050000 0.038095
4 0.525000 0.133333 0.050000 0.038095
4 0.575000 0.133333 0.050000 0.038095
4 0.625000 0.133333 0.050000 0.038095
4 0.675000 0.133333 0.050000 0.038095
4 0.725000 0.133333 0.050000 0.038095
4 0.775000 0.133333 0.050000 0.038095
4 0.825000 0.133333 0.050000 0.038095
4 0.875000 0.133333 0.050000 0.038095
4 0.925000 0.133333 0.050000 0.038095
4 0.975000 0.133333 0.050000 0.038095
4 1.000000 0.133333 0.050000 0.038095
4 1.000000 0.133333 0.050000 0.038095
4 1.000000 0.133333 0.050000 0.038095
4 1.000000 0.133333 0.050000 0.038095
4 1.000000 0.133333 0.050000 0.038095
4 1.000000 0.133333 0.050000 0.038095
4 1.000000 0.133333 0.050000 0.038095
4 1.000000 0.133333 0.050000 0.038095
4 1.000000 0.133333 0.050000 0.038095
4 1.000000 0.133333 0.050000 0.038095
4 1.000000 0.133333 0.050000 0.038095
4 1.000000 0.133333 0.050000 0.038095
4 1.000000 0.133333 0.050000 0.038095
4 1.000000 0.133333 0.050000 0.038095
4 1.000000 0.133333 0.050000 0.038095
4 1.000000 0.133333 0.050000 0.038095
4 1.000000 0.133333 0.050000 0.038095
4 1.000000 0.133333 0.050000 0.038095
4 1.000000 0.133333 0.050000 0.038095
4 1.000000 0.133333 0.050000 0.038095
4 1.000000 0.133333 0.050000 0.038095
4 1.000000 0.133333 0.050000 0.038095
4 1.000000 0.133333 0.050000 0.038095
4 1.000000 0.133333 0.050000 0.038095
4 1.000000 0.133333 0.050000 0.038095
4 1.000000 0.133333 0.050000 0.038095
4 1.000000 0.133333 0.050000 0.038095
4 1.000000 0.133333 0.050000 0.038095
4 1.000000 0.133333 0.050000 0.038095
4 1.000000 0.133333 0.050000 0.038095
4 1.000000 0.133333 0.050000 0.038095
4 1.000000 0.133333 0.050000 0.038095
4 1.000000 0.133333 0.050000 0.038095
4 1.000000 0.133333 0.050000 0.038095
4 1.000000 0.133333 0.050000 0.038095
4 1.000000 0.133333 0.050000 0.038095
4 1.000000 0.133333 0.050000 0.038095
4 1.000000 0.133333 0.050000 0.038095
4 1.000000 0.133333 0.050000 0.038095
4 1.000000 0.133333 0.050000 0.038095
4 1.000000 0.133333 0.050000 0.038095
4 1.000000 0.133333 0.050000 0.038095
4 1.000000 0.133333 0.050000 0.038095
4 1.000000 0.133333 0.050000 0.038095
4 1.000000 0.133333 0.050000 0.038095
4 1.000000 0.133333 0.050000 0.038095
4 1.000000 0.133333 0.050000 0.038095
4 1.000000 0.133333 0.050000 0.038095
4 1.000000 0.133333 0.050000 0.038095
4 1.000000 0.133333 0.050000 0.038095
4 1.000000 0.133333 0.050000 0.038095
4 1.000000 0.133333 0.050000 0.038095
4 1.000000 0.133333 0.050000 0.038095
4 1.000000 0.133333 0.050000 0.038095
4 1.000000 0.133333 0.050000 0.038095
4 1.000000 0.133333 0.050000 0.038095
4 1.000000 0.133333 0.050000 0.038095
4 1.000000 0.133333 0.050000 0.038095
4 1.000000 0.133333 0.050000 0.038095
4 1.000000 0.133333 0.050000 0.038095
4 1.000000 0.133333 0.050000 0.038095
4 1.000000 0.133333 0.050000 0.038095
4 1.000000 0.133333 0.050000 0.038095
4 1.000000 0.133333 0.050000 0.038095
4 1.000000 0.133333 0.050000 0.038095
4 1.000000 0.133333 0.050000 0.038095
4 1.000000 0.133333 0.050000 0.038095
4 1.000000 0.133333 0.050000 0.038095
4 1.000000 0.133333 0.050000 0.038095
4 1.000000 0.133333 0.050000 0.038095
4 1.000000 0.133333 0.050000 0.038095
4 1.000000 0.133333 0.050000 0.038095
4 1.000000 0.133333 0.050000 0.038095
4 1.000000 0.133333 0.050000 0.038095
4 1.000000 0.133333 0.050000 0.038095
4 1.000000 0.133333 0.050000 0.038095
4 1.000000 0.133333 0.050000 0.038095
4 1.000000 0.133333 0.050000 0.038095
4 1.000000 0.133333 0.050000 0.038095
4 1.000000 0.133333 0.050000 0.038095
4 1.000000 0.133333 0.050000 0.038095
4 1.000000 0.133333 0.050000 0.038095
4 1.000000 0.133333 0.050000 0.038095
4 1.000000 0.133333 0.050000 0.038095
4 1.000000 0.133333 0.050000 0.038095
4 1.000000 0.133333 0.050000 0.038095
4 1.000000 0.133333 0.050000 0.038095
4 1.000000 0.133333 0.050000 0.038095
4 1.000000 0.133333 0.050000 0.038095
4 1.000000 0.133333 0.050000 0.038095
4 1.000000 0.133333 0.050000 0.038095
4 1.000000 0.133333 0.050000 0.038095
4 1.000000 0.133333 0.050000 0.038095
4 1.000000 0.133333 0.050000 0.038095
4 1.000000 0.133333 0.050000 0.038095
4 1.000000 0.133333 0.050000 0.038095
4 1.000000 0.133333 0.050000 0.038095
4 1.000000 0.133333 0.050000 0.038095
4 1.000000 0.133333 0.050000 0.038095
4 1.000000 0.133333 0.050000 0.038095
4 1.000000 0.133333 0.050000 0.038095
4 1.000000 0.133333 0.050000 0.038095
4 1.000000 0.133333 0.050000 0.038095
4 1.000000 0.133333 0.050000 0.038095
4 1.000000 0.133333 0.050000 0.038095
4 1.000000 0.133333 0.050000 0.038095
4 1.000000 0.133333 0.050000 0.038095
4 1.000000 0.133333 0.050000 0.038095
4 1.000000 0.133333 0.050000 0.038095
4 1.000000 0.133333 0.050000 0.038095
4 1.000000 0.133333 0.050000 0.038095
4 1.000000 0.133333 0.050000 0.038095
4 1.000000 0.133333 0.050000 0.038095
4 1.000000 0.133333 0.050000 0.038095
4 1.000000 0.133333 0.050000 0.038095
4 1.000000 0.133333 0.050000 0.038095
4 1.000000 0.133333 0.050000 0.038095
4 1.000000 0.133333 0.050000 0.038095
4 1.000000 0.133333 0.050000 0.038095
4 1.000000 0.133333 0.050000 0.038095
4 1.000000 0.133333 0.050000 0.038095
4 1.000000 0.133333 0.050000 0.038095
4 1.000000 0.133333 0.050000 0.038095
4 1.000000 0.133333 0.050000 0.038095
4 1.000000 0.133333 0.050000 0.038095
4 1.000000 0.133333 0.050000 0.038095
4 1.000000 0.133333 0.050000 0.038095
4 1.000000 0.133333 0.050000 0.038095
4 1.000000 0.133333 0.050000 0.038095
4 1.000000 0.133333 0.050000 0.038095
4 1.000000 0.133333 0.050000 0.038095
4 1.000000 0.133333 0.050000 0.038095
4 1.000000 0.133333 0.050000 0.038095
4 1.000000 0.133333 0.050000 0.038095
4 1.000000 0.133333 0.050000 0.038095
4 1.000000 0.133333 0.050000 0.038095
4 1.000000 0.133333 0.050000 0.038095
4 1.000000 0.133333 0.050000 0.038095
4 1.000000 0.133333 0.050000 0.038095
4 1.000000 0.133333 0.050000 0.038095
4 1.000000 0.133333 0.050000 0.038095
4 1.000000 0.133333 0.050000 0.038095
4 1.000000 0.133333 0.050000 0.038095
4 1.000000 0.133333 0.050000 0.038095
4 1.000000 0.133333 0.050000 0.038095
4 1.000000 0.133333 0.050000 0.038095
4 1.000000 0.133333 0.050000 0.038095
4 1.000000 0.133333 0.050000 0.038095
4 1.000000 0.133333 0.050000 0.038095
4 1.000000 0.133333 0.050000 0.038095
4 1.000000 0.133333 0.050000 0.038095
4 1.000000 0.133333 0.050000 0.038095
4 1.000000 0.133333 0.050000 0.038095
4 1.000000 0.133333 0.050000 0.038095
4 1.000000 0.133333 0.050000 0.038095
4 1.000000 0.133333 0.050000 0.038095
4 1.000000 0.133333 0.050000 0.038095
4 1.000000 0.133333 0.050000 0.038095
4 1.000000 0.133333 0.050000 0.038095
4 1.000000 0.133333 0.050000 0.038095
4 1.000000 0.133333 0.050000 0.038095
4 1.000000 0.133333 0.050000 0.038095
4 1.000000 0.133333 0.050000 0.038095
4 1.000000 0.133333 0.050000 0.038095
4 1.000000 0.133333 0.050000 0.038095
4 1.000000 0.133333 0.050000 0.038095
4 1.000000 0.133333 0.050000 0.038095
4 1.000000 0.133333 0.050000 0.038095
4 1.000000 0.133333 0.050000 0.038095
4 1.000000 0.133333 0.050000 0.038095
4 1.000000 0.133333 0.050000 0.038095
4 1.000000 0.133333 0.050000 0.038095
4 1.000000 0.133333 0.050000 0.038095
4 1.000000 0.133333 0.050000 0.038095
4 1.000000 0.133333 0.050000 0.038095
4 1.000000 0.133333 0.050000 0.038095
4 1.000000 0.133333 0.050000 0.038095
4 1.000000 0.133333 0.050000 0.038095
4 1.000000 0.133333 0.050000 0.038095
4 1.000000 0.133333 0.050000 0.038095
4 1.000000 0.133333 0.050000 0.038095
4 1.000000 0.133333 0.050000 0.038095
4 1.000000 0.133333 0.050000 0.038095
4 1.000000 0.133333 0.050000 0.038095
4 1.000000 0.133333 0.050000 0.038095
4 1.000000 0.133333 0.050000 0.038095
4 1.000000 0.133333 0.050000 0.038095
4 1.000000 0.133333 0.050000 0.038095
4 1.000000 0.133333 0.050000 0.038095
4 1.000000 0.133333 0.050000 0.038095
4 0.025000 0.019048 0.050000 0.038095
4 0.075000 0.019048 0.050000 0.038095
4 0.125000 0.019048 0.050000 0.038095
4 0.175000 0.019048 0.050000 0.038095
4 0.225000 0.019048 0.050000 0.038095
4 0.275000 0.019048 0.050000 0.038095
4 0.325000 0.019048 0.050000 0.038095
4 0.375000 0.019048 0.050000 0.038095
4 0.425000 0.019048 0.050000 0.038095
4 0.475000 0.019048 0.050000 0.038095
4 0.525000 0.019048 0.050000 0.038095
4 0.575000 0.019048 0.050000 0.038095
4 0.625000 0.019048 0.050000 0.038095
4 0.675000 0.019048 0.050000 0.038095
4 0.725000 0.019048 0.050000 0.038095
4 0.775000 0.019048 0.050000 0.038095
4 0.825000 0.019048 0.050000 0.038095
4 0.875000 0.019048 0.050000 0.038095
4 0.925000 0.019048 0.050000 0.038095
4 0.975000 0.019048 0.050000 0.038095
4 1.000000 0.019048 0.050000 0.038095
4 1.000000 0.019048 0.050000 0.038095
4 1.000000 0.019048 0.050000 0.038095
4 1.000000 0.019048 0.050000 0.038095
4 1.000000 0.019048 0.050000 0.038095
4 1.000000 0.019048 0.050000 0.038095
4 1.000000 0.019048 0.050000 0.038095
4 1.000000 0.019048 0.050000 0.038095
4 1.000000 0.019048 0.050000 0.038095
4 1.000000 0.019048 0.050000 0.038095
4 1.000000 0.019048 0.050000 0.038095
4 1.000000 0.019048 0.050000 0.038095
4 1.000000 0.019048 0.050000 0.038095
4 1.000000 0.019048 0.050000 0.038095
4 1.000000 0.019048 0.050000 0.038095
4 1.000000 0.019048 0.050000 0.038095
4 1.000000 0.019048 0.050000 0.038095
4 1.000000 0.019048 0.050000 0.038095
4 1.000000 0.019048 0.050000 0.038095
4 1.000000 0.019048 0.050000 0.038095
4 1.000000 0.019048 0.050000 0.038095
4 1.000000 0.019048 0.050000 0.038095
4 1.000000 0.019048 0.050000 0.038095
4 1.000000 0.019048 0.050000 0.038095
4 1.000000 0.019048 0.050000 0.038095
4 1.000000 0.019048 0.050000 0.038095
4 1.000000 0.019048 0.050000 0.038095
4 1.000000 0.019048 0.050000 0.038095
4 1.000000 0.019048 0.050000 0.038095
4 1.000000 0.019048 0.050000 0.038095
4 1.000000 0.019048 0.050000 0.038095
4 1.000000 0.019048 0.050000 0.038095
4 1.000000 0.019048 0.050000 0.038095
4 1.000000 0.019048 0.050000 0.038095
4 1.000000 0.019048 0.050000 0.038095
4 1.000000 0.019048 0.050000 0.038095
4 1.000000 0.019048 0.050000 0.038095
4 1.000000 0.019048 0.050000 0.038095
4 1.000000 0.019048 0.050000 0.038095
4 1.000000 0.019048 0.050000 0.038095
4 1.000000 0.019048 0.050000 0.038095
4 1.000000 0.019048 0.050000 0.038095
4 1.000000 0.019048 0.050000 0.038095
4 1.000000 0.019048 0.050000 0.038095
4 1.000000 0.019048 0.050000 0.038095
4 1.000000 0.019048 0.050000 0.038095
4 1.000000 0.019048 0.050000 0.038095
4 1.000000 0.019048 0.050000 0.038095
4 1.000000 0.019048 0.050000 0.038095
4 1.000000 0.019048 0.050000 0.038095
4 1.000000 0.019048 0.050000 0.038095
4 1.000000 0.019048 0.050000 0.038095
4 1.000000 0.019048 0.050000 0.038095
4 1.000000 0.019048 0.050000 0.038095
4 1.000000 0.019048 0.050000 0.038095
4 1.000000 0.019048 0.050000 0.038095
4 1.000000 0.019048 0.050000 0.038095
4 1.000000 0.019048 0.050000 0.038095
4 1.000000 0.019048 0.050000 0.038095
4 1.000000 0.019048 0.050000 0.038095
4 1.000000 0.019048 0.050000 0.038095
4 1.000000 0.019048 0.050000 0.038095
4 1.000000 0.019048 0.050000 0.038095
4 1.000000 0.019048 0.050000 0.038095
4 1.000000 0.019048 0.050000 0.038095
4 1.000000 0.019048 0.050000 0.038095
4 1.000000 0.019048 0.050000 0.038095
4 1.000000 0.019048 0.050000 0.038095
4 1.000000 0.019048 0.050000 0.038095
4 1.000000 0.019048 0.050000 0.038095
4 1.000000 0.019048 0.050000 0.038095
4 1.000000 0.019048 0.050000 0.038095
4 1.000000 0.019048 0.050000 0.038095
4 1.000000 0.019048 0.050000 0.038095
4 1.000000 0.019048 0.050000 0.038095
4 1.000000 0.019048 0.050000 0.038095
4 1.000000 0.019048 0.050000 0.038095
4 1.000000 0.019048 0.050000 0.038095
4 1.000000 0.019048 0.050000 0.038095
4 1.000000 0.019048 0.050000 0.038095
4 1.000000 0.019048 0.050000 0.038095
4 1.000000 0.019048 0.050000 0.038095
4 1.000000 0.019048 0.050000 0.038095
4 1.000000 0.019048 0.050000 0.038095
4 1.000000 0.019048 0.050000 0.038095
4 1.000000 0.019048 0.050000 0.038095
4 1.000000 0.019048 0.050000 0.038095
4 1.000000 0.019048 0.050000 0.038095
4 1.000000 0.019048 0.050000 0.038095
4 1.000000 0.019048 0.050000 0.038095
4 1.000000 0.019048 0.050000 0.038095
4 1.000000 0.019048 0.050000 0.038095
4 1.000000 0.019048 0.050000 0.038095
4 1.000000 0.019048 0.050000 0.038095
4 1.000000 0.019048 0.050000 0.038095
4 1.000000 0.019048 0.050000 0.038095
4 1.000000 0.019048 0.050000 0.038095
4 1.000000 0.019048 0.050000 0.038095
4 1.000000 0.019048 0.050000 0.038095
4 1.000000 0.019048 0.050000 0.038095
4 1.000000 0.019048 0.050000 0.038095
4 1.000000 0.019048 0.050000 0.038095
4 1.000000 0.019048 0.050000 0.038095
4 1.000000 0.019048 0.050000 0.038095
4 1.000000 0.019048 0.050000 0.038095
4 1.000000 0.019048 0.050000 0.038095
4 1.000000 0.019048 0.050000 0.038095
4 1.000000 0.019048 0.050000 0.038095
4 1.000000 0.019048 0.050000 0.038095
4 1.000000 0.019048 0.050000 0.038095
4 1.000000 0.019048 0.050000 0.038095
4 1.000000 0.019048 0.050000 0.038095
4 1.000000 0.019048 0.050000 0.038095
4 1.000000 0.019048 0.050000 0.038095
4 1.000000 0.019048 0.050000 0.038095
4 1.000000 0.019048 0.050000 0.038095
4 1.000000 0.019048 0.050000 0.038095
4 1.000000 0.019048 0.050000 0.038095
4 1.000000 0.019048 0.050000 0.038095
4 1.000000 0.019048 0.050000 0.038095
4 1.000000 0.019048 0.050000 0.038095
4 1.000000 0.019048 0.050000 0.038095
4 1.000000 0.019048 0.050000 0.038095
4 1.000000 0.019048 0.050000 0.038095
4 1.000000 0.019048 0.050000 0.038095
4 1.000000 0.019048 0.050000 0.038095
4 1.000000 0.019048 0.050000 0.038095
4 1.000000 0.019048 0.050000 0.038095
4 1.000000 0.019048 0.050000 0.038095
4 1.000000 0.019048 0.050000 0.038095
4 1.000000 0.019048 0.050000 0.038095
4 1.000000 0.019048 0.050000 0.038095
4 1.000000 0.019048 0.050000 0.038095
4 1.000000 0.019048 0.050000 0.038095
4 1.000000 0.019048 0.050000 0.038095
4 1.000000 0.019048 0.050000 0.038095
4 1.000000 0.019048 0.050000 0.038095
4 1.000000 0.019048 0.050000 0.038095
4 1.000000 0.019048 0.050000 0.038095
4 1.000000 0.019048 0.050000 0.038095
4 1.000000 0.019048 0.050000 0.038095
4 1.000000 0.019048 0.050000 0.038095
4 1.000000 0.019048 0.050000 0.038095
4 1.000000 0.019048 0.050000 0.038095
4 1.000000 0.019048 0.050000 0.038095
4 1.000000 0.019048 0.050000 0.038095
4 1.000000 0.019048 0.050000 0.038095
4 1.000000 0.019048 0.050000 0.038095
4 1.000000 0.019048 0.050000 0.038095
4 1.000000 0.019048 0.050000 0.038095
4 1.000000 0.019048 0.050000 0.038095
4 1.000000 0.019048 0.050000 0.038095
4 1.000000 0.019048 0.050000 0.038095
4 1.000000 0.019048 0.050000 0.038095
4 1.000000 0.019048 0.050000 0.038095
4 1.000000 0.019048 0.050000 0.038095
4 1.000000 0.019048 0.050000 0.038095
4 1.000000 0.019048 0.050000 0.038095
4 1.000000 0.019048 0.050000 0.038095
4 1.000000 0.019048 0.050000 0.038095
4 1.000000 0.019048 0.050000 0.038095
4 1.000000 0.019048 0.050000 0.038095
4 1.000000 0.019048 0.050000 0.038095
4 1.000000 0.019048 0.050000 0.038095
4 1.000000 0.019048 0.050000 0.038095
4 1.000000 0.019048 0.050000 0.038095
4 1.000000 0.019048 0.050000 0.038095
4 1.000000 0.019048 0.050000 0.038095
4 1.000000 0.019048 0.050000 0.038095
4 1.000000 0.019048 0.050000 0.038095
4 1.000000 0.019048 0.050000 0.038095
4 1.000000 0.019048 0.050000 0.038095
4 1.000000 0.019048 0.050000 0.038095
4 1.000000 0.019048 0.050000 0.038095
4 1.000000 0.019048 0.050000 0.038095
4 1.000000 0.019048 0.050000 0.038095
4 1.000000 0.019048 0.050000 0.038095
4 1.000000 0.019048 0.050000 0.038095
4 1.000000 0.019048 0.050000 0.038095
4 1.000000 0.019048 0.050000 0.038095
4 1.000000 0.019048 0.050000 0.038095
4 1.000000 0.019048 0.050000 0.038095
4 1.000000 0.019048 0.050000 0.038095
4 1.000000 0.019048 0.050000 0.038095
4 1.000000 0.019048 0.050000 0.038095
4 1.000000 0.019048 0.050000 0.038095
4 1.000000 0.019048 0.050000 0.038095
4 1.000000 0.019048 0.050000 0.038095
4 1.000000 0.019048 0.050000 0.038095
4 1.000000 0.019048 0.050000 0.038095
4 0.025000 0.057143 0.050000 0.038095
4 0.075000 0.057143 0.050000 0.038095
4 0.125000 0.057143 0.050000 0.038095
4 0.175000 0.057143 0.050000 0.038095
4 0.225000 0.057143 0.050000 0.038095
4 0.275000 0.057143 0.050000 0.038095
4 0.325000 0.057143 0.050000 0.038095
4 0.375000 0.057143 0.050000 0.038095
4 0.425000 0.057143 0.050000 0.038095
4 0.475000 0.057143 0.050000 0.038095
4 0.525000 0.057143 0.050000 0.038095
4 0.575000 0.057143 0.050000 0.038095
4 0.625000 0.057143 0.050000 0.038095
4 0.675000 0.057143 0.050000 0.038095
4 0.725000 0.057143 0.050000 0.038095
4 0.775000 0.057143 0.050000 0.038095
4 0.825000 0.057143 0.050000 0.038095
4 0.875000 0.057143 0.050000 0.038095
4 0.925000 0.057143 0.050000 0.038095
4 0.975000 0.057143 0.050000 0.038095
4 1.000000 0.057143 0.050000 0.038095
4 1.000000 0.057143 0.050000 0.038095
4 1.000000 0.057143 0.050000 0.038095
4 1.000000 0.057143 0.050000 0.038095
4 1.000000 0.057143 0.050000 0.038095
4 1.000000 0.057143 0.050000 0.038095
4 1.000000 0.057143 0.050000 0.038095
4 1.000000 0.057143 0.050000 0.038095
4 1.000000 0.057143 0.050000 0.038095
4 1.000000 0.057143 0.050000 0.038095
4 1.000000 0.057143 0.050000 0.038095
4 1.000000 0.057143 0.050000 0.038095
4 1.000000 0.057143 0.050000 0.038095
4 1.000000 0.057143 0.050000 0.038095
4 1.000000 0.057143 0.050000 0.038095
4 1.000000 0.057143 0.050000 0.038095
4 1.000000 0.057143 0.050000 0.038095
4 1.000000 0.057143 0.050000 0.038095
4 1.000000 0.057143 0.050000 0.038095
4 1.000000 0.057143 0.050000 0.038095
4 1.000000 0.057143 0.050000 0.038095
4 1.000000 0.057143 0.050000 0.038095
4 1.000000 0.057143 0.050000 0.038095
4 1.000000 0.057143 0.050000 0.038095
4 1.000000 0.057143 0.050000 0.038095
4 1.000000 0.057143 0.050000 0.038095
4 1.000000 0.057143 0.050000 0.038095
4 1.000000 0.057143 0.050000 0.038095
4 1.000000 0.057143 0.050000 0.038095
4 1.000000 0.057143 0.050000 0.038095
4 1.000000 0.057143 0.050000 0.038095
4 1.000000 0.057143 0.050000 0.038095
4 1.000000 0.057143 0.050000 0.038095
4 1.000000 0.057143 0.050000 0.038095
4 1.000000 0.057143 0.050000 0.038095
4 1.000000 0.057143 0.050000 0.038095
4 1.000000 0.057143 0.050000 0.038095
4 1.000000 0.057143 0.050000 0.038095
4 1.000000 0.057143 0.050000 0.038095
4 1.000000 0.057143 0.050000 0.038095
4 1.000000 0.057143 0.050000 0.038095
4 1.000000 0.057143 0.050000 0.038095
4 1.000000 0.057143 0.050000 0.038095
4 1.000000 0.057143 0.050000 0.038095
4 1.000000 0.057143 0.050000 0.038095
4 1.000000 0.057143 0.050000 0.038095
4 1.000000 0.057143 0.050000 0.038095
4 1.000000 0.057143 0.050000 0.038095
4 1.000000 0.057143 0.050000 0.038095
4 1.000000 0.057143 0.050000 0.038095
4 1.000000 0.057143 0.050000 0.038095
4 1.000000 0.057143 0.050000 0.038095
4 1.000000 0.057143 0.050000 0.038095
4 1.000000 0.057143 0.050000 0.038095
4 1.000000 0.057143 0.050000 0.038095
4 1.000000 0.057143 0.050000 0.038095
4 1.000000 0.057143 0.050000 0.038095
4 1.000000 0.057143 0.050000 0.038095
4 1.000000 0.057143 0.050000 0.038095
4 1.000000 0.057143 0.050000 0.038095
4 1.000000 0.057143 0.050000 0.038095
4 1.000000 0.057143 0.050000 0.038095
4 1.000000 0.057143 0.050000 0.038095
4 1.000000 0.057143 0.050000 0.038095
4 1.000000 0.057143 0.050000 0.038095
4 1.000000 0.057143 0.050000 0.038095
4 1.000000 0.057143 0.050000 0.038095
4 1.000000 0.057143 0.050000 0.038095
4 1.000000 0.057143 0.050000 0.038095
4 1.000000 0.057143 0.050000 0.038095
4 1.000000 0.057143 0.050000 0.038095
4 1.000000 0.057143 0.050000 0.038095
4 1.000000 0.057143 0.050000 0.038095
4 1.000000 0.057143 0.050000 0.038095
4 1.000000 0.057143 0.050000 0.038095
4 1.000000 0.057143 0.050000 0.038095
4 1.000000 0.057143 0.050000 0.038095
4 1.000000 0.057143 0.050000 0.038095
4 1.000000 0.057143 0.050000 0.038095
4 1.000000 0.057143 0.050000 0.038095
4 1.000000 0.057143 0.050000 0.038095
4 1.000000 0.057143 0.050000 0.038095
4 1.000000 0.057143 0.050000 0.038095
4 1.000000 0.057143 0.050000 0.038095
4 1.000000 0.057143 0.050000 0.038095
4 1.000000 0.057143 0.050000 0.038095
4 1.000000 0.057143 0.050000 0.038095
4 1.000000 0.057143 0.050000 0.038095
4 1.000000 0.057143 0.050000 0.038095
4 1.000000 0.057143 0.050000 0.038095
4 1.000000 0.057143 0.050000 0.038095
4 1.000000 0.057143 0.050000 0.038095
4 1.000000 0.057143 0.050000 0.038095
4 1.000000 0.057143 0.050000 0.038095
4 1.000000 0.057143 0.050000 0.038095
4 1.000000 0.057143 0.050000 0.038095
4 1.000000 0.057143 0.050000 0.038095
4 1.000000 0.057143 0.050000 0.038095
4 1.000000 0.057143 0.050000 0.038095
4 1.000000 0.057143 0.050000 0.038095
4 1.000000 0.057143 0.050000 0.038095
4 1.000000 0.057143 0.050000 0.038095
4 1.000000 0.057143 0.050000 0.038095
4 1.000000 0.057143 0.050000 0.038095
4 1.000000 0.057143 0.050000 0.038095
4 1.000000 0.057143 0.050000 0.038095
4 1.000000 0.057143 0.050000 0.038095
4 1.000000 0.057143 0.050000 0.038095
4 1.000000 0.057143 0.050000 0.038095
4 1.000000 0.057143 0.050000 0.038095
4 1.000000 0.057143 0.050000 0.038095
4 1.000000 0.057143 0.050000 0.038095
4 1.000000 0.057143 0.050000 0.038095
4 1.000000 0.057143 0.050000 0.038095
4 1.000000 0.057143 0.050000 0.038095
4 1.000000 0.057143 0.050000 0.038095
4 1.000000 0.057143 0.050000 0.038095
4 1.000000 0.057143 0.050000 0.038095
4 1.000000 0.057143 0.050000 0.038095
4 1.000000 0.057143 0.050000 0.038095
4 1.000000 0.057143 0.050000 0.038095
4 1.000000 0.057143 0.050000 0.038095
4 1.000000 0.057143 0.050000 0.038095
4 1.000000 0.057143 0.050000 0.038095
4 1.000000 0.057143 0.050000 0.038095
4 1.000000 0.057143 0.050000 0.038095
4 1.000000 0.057143 0.050000 0.038095
4 1.000000 0.057143 0.050000 0.038095
4 1.000000 0.057143 0.050000 0.038095
4 1.000000 0.057143 0.050000 0.038095
4 1.000000 0.057143 0.050000 0.038095
4 1.000000 0.057143 0.050000 0.038095
4 1.000000 0.057143 0.050000 0.038095
4 1.000000 0.057143 0.050000 0.038095
4 1.000000 0.057143 0.050000 0.038095
4 1.000000 0.057143 0.050000 0.038095
4 1.000000 0.057143 0.050000 0.038095
4 1.000000 0.057143 0.050000 0.038095
4 1.000000 0.057143 0.050000 0.038095
4 1.000000 0.057143 0.050000 0.038095
4 1.000000 0.057143 0.050000 0.038095
4 1.000000 0.057143 0.050000 0.038095
4 1.000000 0.057143 0.050000 0.038095
4 1.000000 0.057143 0.050000 0.038095
4 1.000000 0.057143 0.050000 0.038095
4 1.000000 0.057143 0.050000 0.038095
4 1.000000 0.057143 0.050000 0.038095
4 1.000000 0.057143 0.050000 0.038095
4 1.000000 0.057143 0.050000 0.038095
4 1.000000 0.057143 0.050000 0.038095
4 1.000000 0.057143 0.050000 0.038095
4 1.000000 0.057143 0.050000 0.038095
4 1.000000 0.057143 0.050000 0.038095
4 1.000000 0.057143 0.050000 0.038095
4 1.000000 0.057143 0.050000 0.038095
4 1.000000 0.057143 0.050000 0.038095
4 1.000000 0.057143 0.050000 0.038095
4 1.000000 0.057143 0.050000 0.038095
4 1.000000 0.057143 0.050000 0.038095
4 1.000000 0.057143 0.050000 0.038095
4 1.000000 0.057143 0.050000 0.038095
4 1.000000 0.057143 0.050000 0.038095
4 1.000000 0.057143 0.050000 0.038095
4 1.000000 0.057143 0.050000 0.038095
4 1.000000 0.057143 0.050000 0.038095
4 1.000000 0.057143 0.050000 0.038095
4 1.000000 0.057143 0.050000 0.038095
4 1.000000 0.057143 0.050000 0.038095
4 1.000000 0.057143 0.050000 0.038095
4 1.000000 0.057143 0.050000 0.038095
4 1.000000 0.057143 0.050000 0.038095
4 1.000000 0.057143 0.050000 0.038095
4 1.000000 0.057143 0.050000 0.038095
4 1.000000 0.057143 0.050000 0.038095
4 1.000000 0.057143 0.050000 0.038095
4 1.000000 0.057143 0.050000 0.038095
4 1.000000 0.057143 0.050000 0.038095
4 1.000000 0.057143 0.050000 0.038095
4 1.000000 0.057143 0.050000 0.038095
4 1.000000 0.057143 0.050000 0.038095
4 1.000000 0.057143 0.050000 0.038095
4 1.000000 0.057143 0.050000 0.038095
4 1.000000 0.057143 0.050000 0.038095
4 1.000000 0.057143 0.050000 0.038095
4 1.000000 0.057143 0.050000 0.038095
4 1.000000 0.057143 0.050000 0.038095
4 1.000000 0.057143 0.050000 0.038095
4 1.000000 0.057143 0.050000 0.038095
4 1.000000 0.057143 0.050000 0.038095
4 1.000000 0.057143 0.050000 0.038095
4 0.025000 0.095238 0.050000 0.038095
4 0.075000 0.095238 0.050000 0.038095
4 0.125000 0.095238 0.050000 0.038095
4 0.175000 0.095238 0.050000 0.038095
4 0.225000 0.095238 0.050000 0.038095
4 0.275000 0.095238 0.050000 0.038095
4 0.325000 0.095238 0.050000 0.038095
4 0.375000 0.095238 0.050000 0.038095
4 0.425000 0.095238 0.050000 0.038095
4 0.475000 0.095238 0.050000 0.038095
4 0.525000 0.095238 0.050000 0.038095
4 0.575000 0.095238 0.050000 0.038095
4 0.625000 0.095238 0.050000 0.038095
4 0.675000 0.095238 0.050000 0.038095
4 0.725000 0.095238 0.050000 0.038095
4 0.775000 0.095238 0.050000 0.038095
4 0.825000 0.095238 0.050000 0.038095
4 0.875000 0.095238 0.050000 0.038095
4 0.925000 0.095238 0.050000 0.038095
4 0.975000 0.095238 0.050000 0.038095
4 1.000000 0.095238 0.050000 0.038095
4 1.000000 0.095238 0.050000 0.038095
4 1.000000 0.095238 0.050000 0.038095
4 1.000000 0.095238 0.050000 0.038095
4 1.000000 0.095238 0.050000 0.038095
4 1.000000 0.095238 0.050000 0.038095
4 1.000000 0.095238 0.050000 0.038095
4 1.000000 0.095238 0.050000 0.038095
4 1.000000 0.095238 0.050000 0.038095
4 1.000000 0.095238 0.050000 0.038095
4 1.000000 0.095238 0.050000 0.038095
4 1.000000 0.095238 0.050000 0.038095
4 1.000000 0.095238 0.050000 0.038095
4 1.000000 0.095238 0.050000 0.038095
4 1.000000 0.095238 0.050000 0.038095
4 1.000000 0.095238 0.050000 0.038095
4 1.000000 0.095238 0.050000 0.038095
4 1.000000 0.095238 0.050000 0.038095
4 1.000000 0.095238 0.050000 0.038095
4 1.000000 0.095238 0.050000 0.038095
4 1.000000 0.095238 0.050000 0.038095
4 1.000000 0.095238 0.050000 0.038095
4 1.000000 0.095238 0.050000 0.038095
4 1.000000 0.095238 0.050000 0.038095
4 1.000000 0.095238 0.050000 0.038095
4 1.000000 0.095238 0.050000 0.038095
4 1.000000 0.095238 0.050000 0.038095
4 1.000000 0.095238 0.050000 0.038095
4 1.000000 0.095238 0.050000 0.038095
4 1.000000 0.095238 0.050000 0.038095
4 1.000000 0.095238 0.050000 0.038095
4 1.000000 0.095238 0.050000 0.038095
4 1.000000 0.095238 0.050000 0.038095
4 1.000000 0.095238 0.050000 0.038095
4 1.000000 0.095238 0.050000 0.038095
4 1.000000 0.095238 0.050000 0.038095
4 1.000000 0.095238 0.050000 0.038095
4 1.000000 0.095238 0.050000 0.038095
4 1.000000 0.095238 0.050000 0.038095
4 1.000000 0.095238 0.050000 0.038095
4 1.000000 0.095238 0.050000 0.038095
4 1.000000 0.095238 0.050000 0.038095
4 1.000000 0.095238 0.050000 0.038095
4 1.000000 0.095238 0.050000 0.038095
4 1.000000 0.095238 0.050000 0.038095
4 1.000000 0.095238 0.050000 0.038095
4 1.000000 0.095238 0.050000 0.038095
4 1.000000 0.095238 0.050000 0.038095
4 1.000000 0.095238 0.050000 0.038095
4 1.000000 0.095238 0.050000 0.038095
4 1.000000 0.095238 0.050000 0.038095
4 1.000000 0.095238 0.050000 0.038095
4 1.000000 0.095238 0.050000 0.038095
4 1.000000 0.095238 0.050000 0.038095
4 1.000000 0.095238 0.050000 0.038095
4 1.000000 0.095238 0.050000 0.038095
4 1.000000 0.095238 0.050000 0.038095
4 1.000000 0.095238 0.050000 0.038095
4 1.000000 0.095238 0.050000 0.038095
4 1.000000 0.095238 0.050000 0.038095
4 1.000000 0.095238 0.050000 0.038095
4 1.000000 0.095238 0.050000 0.038095
4 1.000000 0.095238 0.050000 0.038095
4 1.000000 0.095238 0.050000 0.038095
4 1.000000 0.095238 0.050000 0.038095
4 1.000000 0.095238 0.050000 0.038095
4 1.000000 0.095238 0.050000 0.038095
4 1.000000 0.095238 0.050000 0.038095
4 1.000000 0.095238 0.050000 0.038095
4 1.000000 0.095238 0.050000 0.038095
4 1.000000 0.095238 0.050000 0.038095
4 1.000000 0.095238 0.050000 0.038095
4 1.000000 0.095238 0.050000 0.038095
4 1.000000 0.095238 0.050000 0.038095
4 1.000000 0.095238 0.050000 0.038095
4 1.000000 0.095238 0.050000 0.038095
4 1.000000 0.095238 0.050000 0.038095
4 1.000000 0.095238 0.050000 0.038095
4 1.000000 0.095238 0.050000 0.038095
4 1.000000 0.095238 0.050000 0.038095
4 1.000000 0.095238 0.050000 0.038095
4 1.000000 0.095238 0.050000 0.038095
4 1.000000 0.095238 0.050000 0.038095
4 1.000000 0.095238 0.050000 0.038095
4 1.000000 0.095238 0.050000 0.038095
4 1.000000 0.095238 0.050000 0.038095
4 1.000000 0.095238 0.050000 0.038095
4 1.000000 0.095238 0.050000 0.038095
4 1.000000 0.095238 0.050000 0.038095
4 1.000000 0.095238 0.050000 0.038095
4 1.000000 0.095238 0.050000 0.038095
4 1.000000 0.095238 0.050000 0.038095
4 1.000000 0.095238 0.050000 0.038095
4 1.000000 0.095238 0.050000 0.038095
4 1.000000 0.095238 0.050000 0.038095
4 1.000000 0.095238 0.050000 0.038095
4 1.000000 0.095238 0.050000 0.038095
4 1.000000 0.095238 0.050000 0.038095
4 1.000000 0.095238 0.050000 0.038095
4 1.000000 0.095238 0.050000 0.038095
4 1.000000 0.095238 0.050000 0.038095
4 1.000000 0.095238 0.050000 0.038095
4 1.000000 0.095238 0.050000 0.038095
4 1.000000 0.095238 0.050000 0.038095
4 1.000000 0.095238 0.050000 0.038095
4 1.000000 0.095238 0.050000 0.038095
4 1.000000 0.095238 0.050000 0.038095
4 1.000000 0.095238 0.050000 0.038095
4 1.000000 0.095238 0.050000 0.038095
4 1.000000 0.095238 0.050000 0.038095
4 1.000000 0.095238 0.050000 0.038095
4 1.000000 0.095238 0.050000 0.038095
4 1.000000 0.095238 0.050000 0.038095
4 1.000000 0.095238 0.050000 0.038095
4 1.000000 0.095238 0.050000 0.038095
4 1.000000 0.095238 0.050000 0.038095
4 1.000000 0.095238 0.050000 0.038095
4 1.000000 0.095238 0.050000 0.038095
4 1.000000 0.095238 0.050000 0.038095
4 1.000000 0.095238 0.050000 0.038095
4 1.000000 0.095238 0.050000 0.038095
4 1.000000 0.095238 0.050000 0.038095
4 1.000000 0.095238 0.050000 0.038095
4 1.000000 0.095238 0.050000 0.038095
4 1.000000 0.095238 0.050000 0.038095
4 1.000000 0.095238 0.050000 0.038095
4 1.000000 0.095238 0.050000 0.038095
4 1.000000 0.095238 0.050000 0.038095
4 1.000000 0.095238 0.050000 0.038095
4 1.000000 0.095238 0.050000 0.038095
4 1.000000 0.095238 0.050000 0.038095
4 1.000000 0.095238 0.050000 0.038095
4 1.000000 0.095238 0.050000 0.038095
4 1.000000 0.095238 0.050000 0.038095
4 1.000000 0.095238 0.050000 0.038095
4 1.000000 0.095238 0.050000 0.038095
4 1.000000 0.095238 0.050000 0.038095
4 1.000000 0.095238 0.050000 0.038095
4 1.000000 0.095238 0.050000 0.038095
4 1.000000 0.095238 0.050000 0.038095
4 1.000000 0.095238 0.050000 0.038095
4 1.000000 0.095238 0.050000 0.038095
4 1.000000 0.095238 0.050000 0.038095
4 1.000000 0.095238 0.050000 0.038095
4 1.000000 0.095238 0.050000 0.038095
4 1.000000 0.095238 0.050000 0.038095
4 1.000000 0.095238 0.050000 0.038095
4 1.000000 0.095238 0.050000 0.038095
4 1.000000 0.095238 0.050000 0.038095
4 1.000000 0.095238 0.050000 0.038095
4 1.000000 0.095238 0.050000 0.038095
4 1.000000 0.095238 0.050000 0.038095
4 1.000000 0.095238 0.050000 0.038095
4 1.000000 0.095238 0.050000 0.038095
4 1.000000 0.095238 0.050000 0.038095
4 1.000000 0.095238 0.050000 0.038095
4 1.000000 0.095238 0.050000 0.038095
4 1.000000 0.095238 0.050000 0.038095
4 1.000000 0.095238 0.050000 0.038095
4 1.000000 0.095238 0.050000 0.038095
4 1.000000 0.095238 0.050000 0.038095
4 1.000000 0.095238 0.050000 0.038095
4 1.000000 0.095238 0.050000 0.038095
4 1.000000 0.095238 0.050000 0.038095
4 1.000000 0.095238 0.050000 0.038095
4 1.000000 0.095238 0.050000 0.038095
4 1.000000 0.095238 0.050000 0.038095
4 1.000000 0.095238 0.050000 0.038095
4 1.000000 0.095238 0.050000 0.038095
4 1.000000 0.095238 0.050000 0.038095
4 1.000000 0.095238 0.050000 0.038095
4 1.000000 0.095238 0.050000 0.038095
4 1.000000 0.095238 0.050000 0.038095
4 1.000000 0.095238 0.050000 0.038095
4 1.000000 0.095238 0.050000 0.038095
4 1.000000 0.095238 0.050000 0.038095
4 1.000000 0.095238 0.050000 0.038095
4 1.000000 0.095238 0.050000 0.038095
4 1.000000 0.095238 0.050000 0.038095
4 1.000000 0.095238 0.050000 0.038095
4 1.000000 0.095238 0.050000 0.038095
4 1.000000 0.095238 0.050000 0.038095
4 1.000000 0.095238 0.050000 0.038095
4 1.000000 0.095238 0.050000 0.038095
4 1.000000 0.095238 0.050000 0.038095
4 1.000000 0.095238 0.050000 0.038095
4 1.000000 0.095238 0.050000 0.038095
4 1.000000 0.095238 0.050000 0.038095
4 1.000000 0.095238 0.050000 0.038095
4 1.000000 0.095238 0.050000 0.038095
4 0.025000 0.133333 0.050000 0.038095
4 0.075000 0.133333 0.050000 0.038095
4 0.125000 0.133333 0.050000 0.038095
4 0.175000 0.133333 0.050000 0.038095
4 0.225000 0.133333 0.050000 0.038095
4 0.275000 0.133333 0.050000 0.038095
4 0.325000 0.133333 0.050000 0.038095
4 0.375000 0.133333 0.050000 0.038095
4 0.425000 0.133333 0.050000 0.038095
4 0.475000 0.133333 0.050000 0.038095
4 0.525000 0.133333 0.050000 0.038095
4 0.575000 0.133333 0.050000 0.038095
4 0.625000 0.133333 0.050000 0.038095
4 0.675000 0.133333 0.050000 0.038095
4 0.725000 0.133333 0.050000 0.038095
4 0.775000 0.133333 0.050000 0.038095
4 0.825000 0.133333 0.050000 0.038095
4 0.875000 0.133333 0.050000 0.038095
4 0.925000 0.133333 0.050000 0.038095
4 0.975000 0.133333 0.050000 0.038095
4 1.000000 0.133333 0.050000 0.038095
4 1.000000 0.133333 0.050000 0.038095
4 1.000000 0.133333 0.050000 0.038095
4 1.000000 0.133333 0.050000 0.038095
4 1.000000 0.133333 0.050000 0.038095
4 1.000000 0.133333 0.050000 0.038095
4 1.000000 0.133333 0.050000 0.038095
4 1.000000 0.133333 0.050000 0.038095
4 1.000000 0.133333 0.050000 0.038095
4 1.000000 0.133333 0.050000 0.038095
4 1.000000 0.133333 0.050000 0.038095
4 1.000000 0.133333 0.050000 0.038095
4 1.000000 0.133333 0.050000 0.038095
4 1.000000 0.133333 0.050000 0.038095
4 1.000000 0.133333 0.050000 0.038095
4 1.000000 0.133333 0.050000 0.038095
4 1.000000 0.133333 0.050000 0.038095
4 1.000000 0.133333 0.050000 0.038095
4 1.000000 0.133333 0.050000 0.038095
4 1.000000 0.133333 0.050000 0.038095
4 1.000000 0.133333 0.050000 0.038095
4 1.000000 0.133333 0.050000 0.038095
4 1.000000 0.133333 0.050000 0.038095
4 1.000000 0.133333 0.050000 0.038095
4 1.000000 0.133333 0.050000 0.038095
4 1.000000 0.133333 0.050000 0.038095
4 1.000000 0.133333 0.050000 0.038095
4 1.000000 0.133333 0.050000 0.038095
4 1.000000 0.133333 0.050000 0.038095
4 1.000000 0.133333 0.050000 0.038095
4 1.000000 0.133333 0.050000 0.038095
4 1.000000 0.133333 0.050000 0.038095
4 1.000000 0.133333 0.050000 0.038095
4 1.000000 0.133333 0.050000 0.038095
4 1.000000 0.133333 0.050000 0.038095
4 1.000000 0.133333 0.050000 0.038095
4 1.000000 0.133333 0.050000 0.038095
4 1.000000 0.133333 0.050000 0.038095
4 1.000000 0.133333 0.050000 0.038095
4 1.000000 0.133333 0.050000 0.038095
4 1.000000 0.133333 0.050000 0.038095
4 1.000000 0.133333 0.050000 0.038095
4 1.000000 0.133333 0.050000 0.038095
4 1.000000 0.133333 0.050000 0.038095
4 1.000000 0.133333 0.050000 0.038095
4 1.000000 0.133333 0.050000 0.038095
4 1.000000 0.133333 0.050000 0.038095
4 1.000000 0.133333 0.050000 0.038095
4 1.000000 0.133333 0.050000 0.038095
4 1.000000 0.133333 0.050000 0.038095
4 1.000000 0.133333 0.050000 0.038095
4 1.000000 0.133333 0.050000 0.038095
4 1.000000 0.133333 0.050000 0.038095
4 1.000000 0.133333 0.050000 0.038095
4 1.000000 0.133333 0.050000 0.038095
4 1.000000 0.133333 0.050000 0.038095
4 1.000000 0.133333 0.050000 0.038095
4 1.000000 0.133333 0.050000 0.038095
4 1.000000 0.133333 0.050000 0.038095
4 1.000000 0.133333 0.050000 0.038095
4 1.000000 0.133333 0.050000 0.038095
4 1.000000 0.133333 0.050000 0.038095
4 1.000000 0.133333 0.050000 0.038095
4 1.000000 0.133333 0.050000 0.038095
4 1.000000 0.133333 0.050000 0.038095
4 1.000000 0.133333 0.050000 0.038095
4 1.000000 0.133333 0.050000 0.038095
4 1.000000 0.133333 0.050000 0.038095
4 1.000000 0.133333 0.050000 0.038095
4 1.000000 0.133333 0.050000 0.038095
4 1.000000 0.133333 0.050000 0.038095
4 1.000000 0.133333 0.050000 0.038095
4 1.000000 0.133333 0.050000 0.038095
4 1.000000 0.133333 0.050000 0.038095
4 1.000000 0.133333 0.050000 0.038095
4 1.000000 0.133333 0.050000 0.038095
4 1.000000 0.133333 0.050000 0.038095
4 1.000000 0.133333 0.050000 0.038095
4 1.000000 0.133333 0.050000 0.038095
4 1.000000 0.133333 0.050000 0.038095
4 1.000000 0.133333 0.050000 0.038095
4 1.000000 0.133333 0.050000 0.038095
4 1.000000 0.133333 0.050000 0.038095
4 1.000000 0.133333 0.050000 0.038095
4 1.000000 0.133333 0.050000 0.038095
4 1.000000 0.133333 0.050000 0.038095
4 1.000000 0.133333 0.050000 0.038095
4 1.000000 0.133333 0.050000 0.038095
4 1.000000 0.133333 0.050000 0.038095
4 1.000000 0.133333 0.050000 0.038095
4 1.000000 0.133333 0.050000 0.038095
4 1.000000 0.133333 0.050000 0.038095
4 1.000000 0.133333 0.050000 0.038095
4 1.000000 0.133333 0.050000 0.038095
4 1.000000 0.133333 0.050000 0.038095
4 1.000000 0.133333 0.050000 0.038095
4 1.000000 0.133333 0.050000 0.038095
4 1.000000 0.133333 0.050000 0.038095
4 1.000000 0.133333 0.050000 0.038095
4 1.000000 0.133333 0.050000 0.038095
4 1.000000 0.133333 0.050000 0.038095
4 1.000000 0.133333 0.050000 0.038095
4 1.000000 0.133333 0.050000 0.038095
4 1.000000 0.133333 0.050000 0.038095
4 1.000000 0.133333 0.050000 0.038095
4 1.000000 0.133333 0.050000 0.038095
4 1.000000 0.133333 0.050000 0.038095
4 1.000000 0.133333 0.050000 0.038095
4 1.000000 0.133333 0.050000 0.038095
4 1.000000 0.133333 0.050000 0.038095
4 1.000000 0.133333 0.050000 0.038095
4 1.000000 0.133333 0.050000 0.038095
4 1.000000 0.133333 0.050000 0.038095
4 1.000000 0.133333 0.050000 0.038095
4 1.000000 0.133333 0.050000 0.038095
4 1.000000 0.133333 0.050000 0.038095
4 1.000000 0.133333 0.050000 0.038095
4 1.000000 0.133333 0.050000 0.038095
4 1.000000 0.133333 0.050000 0.038095
4 1.000000 0.133333 0.050000 0.038095
4 1.000000 0.133333 0.050000 0.038095
4 1.000000 0.133333 0.050000 0.038095
4 1.000000 0.133333 0.050000 0.038095
4 1.000000 0.133333 0.050000 0.038095
4 1.000000 0.133333 0.050000 0.038095
4 1.000000 0.133333 0.050000 0.038095
4 1.000000 0.133333 0.050000 0.038095
4 1.000000 0.133333 0.050000 0.038095
4 1.000000 0.133333 0.050000 0.038095
4 1.000000 0.133333 0.050000 0.038095
4 1.000000 0.133333 0.050000 0.038095
4 1.000000 0.133333 0.050000 0.038095
4 1.000000 0.133333 0.050000 0.038095
4 1.000000 0.133333 0.050000 0.038095
4 1.000000 0.133333 0.050000 0.038095
4 1.000000 0.133333 0.050000 0.038095
4 1.000000 0.133333 0.050000 0.038095
4 1.000000 0.133333 0.050000 0.038095
4 1.000000 0.133333 0.050000 0.038095
4 1.000000 0.133333 0.050000 0.038095
4 1.000000 0.133333 0.050000 0.038095
4 1.000000 0.133333 0.050000 0.038095
4 1.000000 0.133333 0.050000 0.038095
4 1.000000 0.133333 0.050000 0.038095
4 1.000000 0.133333 0.050000 0.038095
4 1.000000 0.133333 0.050000 0.038095
4 1.000000 0.133333 0.050000 0.038095
4 1.000000 0.133333 0.050000 0.038095
4 1.000000 0.133333 0.050000 0.038095
4 1.000000 0.133333 0.050000 0.038095
4 1.000000 0.133333 0.050000 0.038095
4 1.000000 0.133333 0.050000 0.038095
4 1.000000 0.133333 0.050000 0.038095
4 1.000000 0.133333 0.050000 0.038095
4 1.000000 0.133333 0.050000 0.038095
4 1.000000 0.133333 0.050000 0.038095
4 1.000000 0.133333 0.050000 0.038095
4 1.000000 0.133333 0.050000 0.038095
4 1.000000 0.133333 0.050000 0.038095
4 1.000000 0.133333 0.050000 0.038095
4 1.000000 0.133333 0.050000 0.038095
4 1.000000 0.133333 0.050000 0.038095
4 1.000000 0.133333 0.050000 0.038095
4 1.000000 0.133333 0.050000 0.038095
4 1.000000 0.133333 0.050000 0.038095
4 1.000000 0.133333 0.050000 0.038095
4 1.000000 0.133333 0.050000 0.038095
4 1.000000 0.133333 0.050000 0.038095
4 1.000000 0.133333 0.050000 0.038095
4 1.000000 0.133333 0.050000 0.038095
4 1.000000 0.133333 0.050000 0.038095
4 1.000000 0.133333 0.050000 0.038095
4 1.000000 0.133333 0.050000 0.038095
4 1.000000 0.133333 0.050000 0.038095
4 1.000000 0.133333 0.050000 0.038095
4 1.000000 0.133333 0.050000 0.038095
4 1.000000 0.133333 0.050000 0.038095
4 1.000000 0.133333 0.050000 0.038095
4 1.000000 0.133333 0.050000 0.038095
4 1.000000 0.133333 0.050000 0.038095
4 1.000000 0.133333 0.050000 0.038095
4 1.000000 0.133333 0.050000 0.038095
4 1.000000 0.133333 0.050000 0.038095
4 1.000000 0.133333 0.050000 0.038095
4 1.000000 0.133333 0.050000 0.038095
4 1.000000 0.133333 0.050000 0.038095
4 1.000000 0.133333 0.050000 0.038095
4 1.000000 0.133333 0.050000 0.038095
4 1.000000 0.133333 0.050000 0.038095
4 1.000000 0.133333 0.050000 0.038095